-- MariaDB dump 10.19  Distrib 10.4.32-MariaDB, for Win64 (AMD64)
--
-- Host: localhost    Database: estadia
-- ------------------------------------------------------
-- Server version	10.4.32-MariaDB

/*!40101 SET @OLD_CHARACTER_SET_CLIENT=@@CHARACTER_SET_CLIENT */;
/*!40101 SET @OLD_CHARACTER_SET_RESULTS=@@CHARACTER_SET_RESULTS */;
/*!40101 SET @OLD_COLLATION_CONNECTION=@@COLLATION_CONNECTION */;
/*!40101 SET NAMES utf8mb4 */;
/*!40103 SET @OLD_TIME_ZONE=@@TIME_ZONE */;
/*!40103 SET TIME_ZONE='+00:00' */;
/*!40014 SET @OLD_UNIQUE_CHECKS=@@UNIQUE_CHECKS, UNIQUE_CHECKS=0 */;
/*!40014 SET @OLD_FOREIGN_KEY_CHECKS=@@FOREIGN_KEY_CHECKS, FOREIGN_KEY_CHECKS=0 */;
/*!40101 SET @OLD_SQL_MODE=@@SQL_MODE, SQL_MODE='NO_AUTO_VALUE_ON_ZERO' */;
/*!40111 SET @OLD_SQL_NOTES=@@SQL_NOTES, SQL_NOTES=0 */;

--
-- Table structure for table `admision_procesadas`
--

DROP TABLE IF EXISTS `admision_procesadas`;
/*!40101 SET @saved_cs_client     = @@character_set_client */;
/*!40101 SET character_set_client = utf8 */;
CREATE TABLE `admision_procesadas` (
  `id` bigint(20) unsigned NOT NULL AUTO_INCREMENT,
  `idAdmision` bigint(20) unsigned NOT NULL,
  `alumnosCursoSeleccion` int(11) NOT NULL,
  `alumnosCursoSeleccionAprobados` int(11) NOT NULL,
  `alumnosInscritosPrimero` int(11) NOT NULL,
  `created_at` timestamp NULL DEFAULT NULL,
  `updated_at` timestamp NULL DEFAULT NULL,
  PRIMARY KEY (`id`),
  KEY `admision_procesadas_idadmision_foreign` (`idAdmision`),
  CONSTRAINT `admision_procesadas_idadmision_foreign` FOREIGN KEY (`idAdmision`) REFERENCES `admisions` (`id`) ON DELETE CASCADE
) ENGINE=InnoDB DEFAULT CHARSET=utf8mb4 COLLATE=utf8mb4_unicode_ci;
/*!40101 SET character_set_client = @saved_cs_client */;

--
-- Dumping data for table `admision_procesadas`
--

LOCK TABLES `admision_procesadas` WRITE;
/*!40000 ALTER TABLE `admision_procesadas` DISABLE KEYS */;
/*!40000 ALTER TABLE `admision_procesadas` ENABLE KEYS */;
UNLOCK TABLES;

--
-- Table structure for table `admisions`
--

DROP TABLE IF EXISTS `admisions`;
/*!40101 SET @saved_cs_client     = @@character_set_client */;
/*!40101 SET character_set_client = utf8 */;
CREATE TABLE `admisions` (
  `id` bigint(20) unsigned NOT NULL AUTO_INCREMENT,
  `archivo` varchar(255) NOT NULL,
  `procesado` tinyint(1) NOT NULL,
  `idCreador` bigint(20) unsigned NOT NULL,
  `created_at` timestamp NULL DEFAULT NULL,
  `updated_at` timestamp NULL DEFAULT NULL,
  PRIMARY KEY (`id`),
  KEY `admisions_idcreador_foreign` (`idCreador`),
  CONSTRAINT `admisions_idcreador_foreign` FOREIGN KEY (`idCreador`) REFERENCES `usuarios` (`id`) ON DELETE CASCADE
) ENGINE=InnoDB DEFAULT CHARSET=utf8mb4 COLLATE=utf8mb4_unicode_ci;
/*!40101 SET character_set_client = @saved_cs_client */;

--
-- Dumping data for table `admisions`
--

LOCK TABLES `admisions` WRITE;
/*!40000 ALTER TABLE `admisions` DISABLE KEYS */;
/*!40000 ALTER TABLE `admisions` ENABLE KEYS */;
UNLOCK TABLES;

--
-- Table structure for table `alumnos`
--

DROP TABLE IF EXISTS `alumnos`;
/*!40101 SET @saved_cs_client     = @@character_set_client */;
/*!40101 SET character_set_client = utf8 */;
CREATE TABLE `alumnos` (
  `id` bigint(20) unsigned NOT NULL AUTO_INCREMENT,
  `matricula` varchar(255) NOT NULL,
  `apP` varchar(255) DEFAULT NULL,
  `apM` varchar(255) DEFAULT NULL,
  `nombre` varchar(255) DEFAULT NULL,
  `activo` tinyint(1) NOT NULL DEFAULT 1,
  `created_at` timestamp NULL DEFAULT NULL,
  `updated_at` timestamp NULL DEFAULT NULL,
  PRIMARY KEY (`id`),
  UNIQUE KEY `alumnos_matricula_unique` (`matricula`)
) ENGINE=InnoDB AUTO_INCREMENT=176 DEFAULT CHARSET=utf8mb4 COLLATE=utf8mb4_unicode_ci;
/*!40101 SET character_set_client = @saved_cs_client */;

--
-- Dumping data for table `alumnos`
--

LOCK TABLES `alumnos` WRITE;
/*!40000 ALTER TABLE `alumnos` DISABLE KEYS */;
INSERT INTO `alumnos` VALUES (1,'AAAO193517',NULL,NULL,'ANA REBECA',1,'2024-02-28 23:33:33','2024-02-28 23:33:39'),(2,'ABJO191152',NULL,NULL,'JAIR',1,'2024-02-28 23:33:33','2024-02-28 23:33:38'),(3,'AFMO192028',NULL,NULL,'MIRIAM JOCABED',1,'2024-02-28 23:33:33','2024-02-28 23:33:39'),(4,'AHAO190380',NULL,NULL,'ARELY SAMANTHA',1,'2024-02-28 23:33:33','2024-02-28 23:33:38'),(5,'ARSO191194',NULL,NULL,'SERGIO',1,'2024-02-28 23:33:33','2024-02-28 23:33:38'),(6,'BEOO190109',NULL,NULL,'OSCAR DANIEL',1,'2024-02-28 23:33:33','2024-02-28 23:33:39'),(7,'DDAO190119',NULL,NULL,'ANGEL',1,'2024-02-28 23:33:33','2024-02-28 23:33:38'),(8,'EQJO190657',NULL,NULL,'JACINTO',1,'2024-02-28 23:33:33','2024-02-28 23:33:38'),(9,'ESEO191659',NULL,NULL,'EMILIANO',1,'2024-02-28 23:33:33','2024-02-28 23:33:39'),(10,'FOAO192749',NULL,NULL,'ANDRE EDUARDO',1,'2024-02-28 23:33:33','2024-02-28 23:33:39'),(11,'GALO190296',NULL,NULL,'LUIS ANTONIO',1,'2024-02-28 23:33:33','2024-02-28 23:33:38'),(12,'GEKO190878',NULL,NULL,'KEVIN ISAAC',1,'2024-02-28 23:33:33','2024-02-28 23:33:39'),(13,'GGOO192269',NULL,NULL,'OSMAR',1,'2024-02-28 23:33:33','2024-02-28 23:33:39'),(14,'GRAO190995',NULL,NULL,'ARIADNA',1,'2024-02-28 23:33:33','2024-02-28 23:33:39'),(15,'GRGO190114',NULL,NULL,'GIOVANNA',1,'2024-02-28 23:33:33','2024-02-28 23:33:39'),(16,'GSEO190217',NULL,NULL,'EDUARDO',1,'2024-02-28 23:33:33','2024-02-28 23:33:38'),(17,'GZLO193164',NULL,NULL,'LUIS ANGEL',1,'2024-02-28 23:33:33','2024-02-28 23:33:39'),(18,'JMMO190056',NULL,NULL,'MARIANO ALBERTO',1,'2024-02-28 23:33:33','2024-02-28 23:33:38'),(19,'LOEO191374',NULL,NULL,'EDUARDO',1,'2024-02-28 23:33:33','2024-02-28 23:33:39'),(20,'MCAO190963',NULL,NULL,'ALAN GERARDO',1,'2024-02-28 23:33:33','2024-02-28 23:33:38'),(21,'MCLO190493',NULL,NULL,'LAURA ITZEL',1,'2024-02-28 23:33:33','2024-02-28 23:33:38'),(22,'MJSO190141',NULL,NULL,'SALMA SOFIA',1,'2024-02-28 23:33:33','2024-02-28 23:33:39'),(23,'NPMO190405',NULL,NULL,'MONICA ALEXXA',1,'2024-02-28 23:33:33','2024-02-28 23:33:39'),(24,'OALO190003',NULL,NULL,'LUIS MANUEL',1,'2024-02-28 23:33:33','2024-02-28 23:33:39'),(25,'OPDO191763',NULL,NULL,'DAVID',1,'2024-02-28 23:33:33','2024-02-28 23:33:39'),(26,'SAEO192368',NULL,NULL,'EMMANUEL SANTIAGO',1,'2024-02-28 23:33:33','2024-02-28 23:33:38'),(27,'SBRO191558',NULL,NULL,'RICARDO',1,'2024-02-28 23:33:33','2024-02-28 23:33:39'),(28,'TCDO190163',NULL,NULL,'DAVID OSMAR',1,'2024-02-28 23:33:33','2024-02-28 23:33:38'),(29,'VCJO191457',NULL,NULL,'JOSÉ ANDRES',1,'2024-02-28 23:33:33','2024-02-28 23:33:38'),(30,'VMTO190058',NULL,NULL,'TLALOC HUMBERTO',1,'2024-02-28 23:33:33','2024-02-28 23:33:39'),(31,'VPMO192745',NULL,NULL,'MIGUEL ANGEL',1,'2024-02-28 23:33:33','2024-02-28 23:33:39'),(32,'ZVOO193061',NULL,NULL,'OLIVER AURELIO',1,'2024-02-28 23:33:33','2024-02-28 23:33:38'),(33,'AVAO191844',NULL,NULL,'ANTONIO EMMANUEL',1,'2024-02-28 23:33:33','2024-02-28 23:33:38'),(34,'AFDO191306','ARGUMOSA','FLORES','DANIEL',1,'2024-02-28 23:33:34','2024-02-28 23:33:39'),(35,'ASNO190425','ARIZMENDI','SALGADO','NORMA BEATRIZ',1,'2024-02-28 23:33:34','2024-02-28 23:33:39'),(36,'BCAO192676',NULL,NULL,'ALBERTO',1,'2024-02-28 23:33:34','2024-02-28 23:33:38'),(37,'CCGO190006',NULL,NULL,'GERARDO',1,'2024-02-28 23:33:34','2024-02-28 23:33:38'),(38,'CFIO191946',NULL,NULL,'IVANA DENNIS',1,'2024-02-28 23:33:34','2024-02-28 23:33:38'),(39,'CSIO191009',NULL,NULL,'ISRAEL',1,'2024-02-28 23:33:34','2024-02-28 23:33:38'),(40,'CSJO191675',NULL,NULL,'JOSE ALBERTO',1,'2024-02-28 23:33:34','2024-02-28 23:33:39'),(41,'DRZO190292',NULL,NULL,'ZULEIDI',1,'2024-02-28 23:33:34','2024-02-28 23:33:38'),(42,'ELFO191122',NULL,NULL,'FRANCISCO JAVIER',1,'2024-02-28 23:33:34','2024-02-28 23:33:39'),(43,'FCIO190833','FUENTES','CAMACHO','ISRAEL',1,'2024-02-28 23:33:34','2024-02-28 23:33:39'),(44,'FSEO191244',NULL,NULL,'EMILIANO',1,'2024-02-28 23:33:34','2024-02-28 23:33:38'),(45,'GGJO191067',NULL,NULL,'JOSÉ ENRIQUE',1,'2024-02-28 23:33:34','2024-02-28 23:33:39'),(46,'GPAO190811',NULL,NULL,'ADRIEL SAUL',1,'2024-02-28 23:33:34','2024-02-28 23:33:39'),(47,'GQIO190960','GUZMAN','QUINTERO','ISAAC',1,'2024-02-28 23:33:34','2024-02-28 23:33:39'),(48,'GSAO191404','GUTIÉRREZ','SEVILLA','ALBERTO',1,'2024-02-28 23:33:34','2024-02-28 23:33:39'),(49,'GSKO190212',NULL,NULL,'KARLA ALEJANDRA',1,'2024-02-28 23:33:34','2024-02-28 23:33:38'),(50,'HEKO191301',NULL,NULL,'KIMBERLEY AZUL',1,'2024-02-28 23:33:34','2024-02-28 23:33:39'),(51,'JMIO190566','JUAREZ','MENDEZ','ITZAUL QUETZAL',1,'2024-02-28 23:33:34','2024-02-28 23:33:39'),(52,'JQJO191937',NULL,NULL,'JESUS OMAR',1,'2024-02-28 23:33:34','2024-02-28 23:33:38'),(53,'JSEO193590',NULL,NULL,'EMMANUEL',1,'2024-02-28 23:33:34','2024-02-28 23:33:39'),(54,'LOEO190684',NULL,NULL,'ENRIQUE ALEXANDER',1,'2024-02-28 23:33:34','2024-02-28 23:33:38'),(55,'MLJO190132','MARTINEZ','LOPEZ','JULIO CESAR',1,'2024-02-28 23:33:34','2024-02-28 23:33:39'),(56,'MXAO190057',NULL,NULL,'AMY',1,'2024-02-28 23:33:34','2024-02-28 23:33:39'),(57,'NRJO190583',NULL,NULL,'JOSÉ MANUEL',1,'2024-02-28 23:33:34','2024-02-28 23:33:39'),(58,'PSAO190120',NULL,NULL,'ADOLFO',1,'2024-02-28 23:33:34','2024-02-28 23:33:38'),(59,'SBMO193207',NULL,NULL,'MANUEL ALEJANDRO',1,'2024-02-28 23:33:34','2024-02-28 23:33:39'),(60,'TCAO191686',NULL,NULL,'ALEXIS',1,'2024-02-28 23:33:34','2024-02-28 23:33:38'),(61,'TRSO190958','TORRES','RAMIREZ','SERGIO NICOLAS',1,'2024-02-28 23:33:34','2024-02-28 23:33:39'),(62,'VSFO190692',NULL,NULL,'FRANCISCO JAVIER',1,'2024-02-28 23:33:34','2024-02-28 23:33:39'),(63,'VSLO192400',NULL,NULL,'LORELEI',1,'2024-02-28 23:33:34','2024-02-28 23:33:38'),(64,'ZGCO191186',NULL,NULL,'CRISTINA',1,'2024-02-28 23:33:34','2024-02-28 23:33:39'),(65,'SDDO192074','SANCHEZ','DIAZ','DANIEL',1,'2024-02-28 23:33:34','2024-02-28 23:33:39'),(66,'RGKO180196',NULL,NULL,'KARLA MONTSERRAT',0,'2024-02-28 23:33:34','2024-02-28 23:33:34'),(67,'RBLO181883',NULL,NULL,'LESLI DANIELA',0,'2024-02-28 23:33:35','2024-02-28 23:33:35'),(68,'AGGO190366',NULL,NULL,'GEOVANY MISAEL',1,'2024-02-28 23:33:35','2024-02-28 23:33:39'),(69,'AMMO191596',NULL,NULL,'MARIAN ABIGAIL',1,'2024-02-28 23:33:35','2024-02-28 23:33:39'),(70,'BAAO190936',NULL,NULL,'ANDREA LIZETH',1,'2024-02-28 23:33:35','2024-02-28 23:33:38'),(71,'BMEO191668',NULL,NULL,'EDUARDO',1,'2024-02-28 23:33:35','2024-02-28 23:33:39'),(72,'CAJO192456','CARRILLO','ALVAREZ','JOEL',1,'2024-02-28 23:33:35','2024-02-28 23:33:39'),(73,'CCOO190216',NULL,NULL,'OSCAR AKEMI',1,'2024-02-28 23:33:35','2024-02-28 23:33:39'),(74,'CGBO192927',NULL,NULL,'BRAYAN',1,'2024-02-28 23:33:35','2024-02-28 23:33:38'),(75,'CGCO190307',NULL,NULL,'CARLOS JAVIER',1,'2024-02-28 23:33:35','2024-02-28 23:33:39'),(76,'DAEO190511',NULL,NULL,'EZEQUIEL TONATIUH',1,'2024-02-28 23:33:35','2024-02-28 23:33:38'),(77,'FCMO190775',NULL,NULL,'MIGUEL ÁNGEL',1,'2024-02-28 23:33:35','2024-02-28 23:33:38'),(78,'GARO190717',NULL,NULL,'RICARDO WILLIAM',1,'2024-02-28 23:33:35','2024-02-28 23:33:39'),(79,'HRAO192848',NULL,NULL,'ANA CECILIA',1,'2024-02-28 23:33:35','2024-02-28 23:33:39'),(80,'LSRO192553',NULL,NULL,'ROSA ISELA',1,'2024-02-28 23:33:35','2024-02-28 23:33:39'),(81,'MCJO190997',NULL,NULL,'JORGE',1,'2024-02-28 23:33:35','2024-02-28 23:33:38'),(82,'MGLO191129',NULL,NULL,'LEONARDO',1,'2024-02-28 23:33:35','2024-02-28 23:33:39'),(83,'MMKO192995',NULL,NULL,'KENIA PAOLA',1,'2024-02-28 23:33:35','2024-02-28 23:33:39'),(84,'NJAO191760',NULL,NULL,'ADOLFO ANGEL',1,'2024-02-28 23:33:35','2024-02-28 23:33:39'),(85,'PJFO191102','PINEDA','JUAREZ','FERNANDO',1,'2024-02-28 23:33:35','2024-02-28 23:33:39'),(86,'RBRO190536',NULL,NULL,'RICARDO ANTONIO',1,'2024-02-28 23:33:35','2024-02-28 23:33:39'),(87,'RHYO190223',NULL,NULL,'YESENIA',1,'2024-02-28 23:33:35','2024-02-28 23:33:39'),(88,'RPMO190087',NULL,NULL,'MAURICIO IMANOL',1,'2024-02-28 23:33:35','2024-02-28 23:33:38'),(89,'RVDO190259','RODRIGUEZ','VERGEL','DULCE VALERIA',1,'2024-02-28 23:33:35','2024-02-28 23:33:39'),(90,'SPNO192058',NULL,NULL,'NAYELI LIZETH',1,'2024-02-28 23:33:35','2024-02-28 23:33:38'),(91,'STKO192011',NULL,NULL,'KEVIN DANIEL',1,'2024-02-28 23:33:35','2024-02-28 23:33:39'),(92,'TTLO190072',NULL,NULL,'LENIN',1,'2024-02-28 23:33:35','2024-02-28 23:33:39'),(93,'ZMAO191501',NULL,NULL,'ANGEL EDUARDO',1,'2024-02-28 23:33:35','2024-02-28 23:33:38'),(94,'LGAO180804','LEON','GALICIA','ARTURO',1,'2024-02-28 23:33:35','2024-02-28 23:33:39'),(95,'OGJO180974','ORDUÑA','GARCIA','JORGE',1,'2024-02-28 23:33:35','2024-02-28 23:33:39'),(96,'OHRO180268','OCHOA','HERRERA','RUBÉN',1,'2024-02-28 23:33:35','2024-02-28 23:33:39'),(97,'AGBO191487','ALVARADO','GARCÍA','BERENICE',1,'2024-02-28 23:33:35','2024-02-28 23:33:39'),(98,'BGJO191627','BAILÓN','GUZMAN','JOEL',1,'2024-02-28 23:33:35','2024-02-28 23:33:39'),(99,'BGOO190438',NULL,NULL,'OSVALDO',1,'2024-02-28 23:33:35','2024-02-28 23:33:38'),(100,'CNMO190454',NULL,NULL,'MICHELLE ZULEYMA',1,'2024-02-28 23:33:35','2024-02-28 23:33:38'),(101,'GDKO190660','GARCIA','DIMAS','KEVIN',1,'2024-02-28 23:33:35','2024-02-28 23:33:39'),(102,'GGCO190720',NULL,NULL,'CARLOS GIOVANI',1,'2024-02-28 23:33:36','2024-02-28 23:33:39'),(103,'HGEO190346',NULL,NULL,'ENRIQUE',1,'2024-02-28 23:33:36','2024-02-28 23:33:38'),(104,'MARO192526','MOTA','ABARCA','RAFAEL',1,'2024-02-28 23:33:36','2024-02-28 23:33:40'),(105,'MFHO192114',NULL,NULL,'HUMBERTO MANUEL',1,'2024-02-28 23:33:36','2024-02-28 23:33:38'),(106,'MHMO191650','MARBAN','HERNANDEZ','MIGUEL ANGEL',1,'2024-02-28 23:33:36','2024-02-28 23:33:39'),(107,'NLLO191737','NÚÑEZ','LARA','LUIS ANGEL',1,'2024-02-28 23:33:36','2024-02-28 23:33:39'),(108,'QNVO191440','QUIROZ','NAVARRETE','VICTOR JOSE',1,'2024-02-28 23:33:36','2024-02-28 23:33:39'),(109,'RBVO190695',NULL,NULL,'VALERIA BERENICE',1,'2024-02-28 23:33:36','2024-02-28 23:33:39'),(110,'RDYO192752','RODRIGUEZ','DIAZ','YOXIRA SHERLYN',1,'2024-02-28 23:33:36','2024-02-28 23:33:39'),(111,'SJDO191408','SÁNCHEZ','JUÁREZ','DIEGO ROMÁN',1,'2024-02-28 23:33:36','2024-02-28 23:33:39'),(112,'SMJO190293','SALINAS','MUÑOZ','JOHANN URIEL',1,'2024-02-28 23:33:36','2024-02-28 23:33:39'),(113,'VEHO191056','VALLE','ESTRADA','HERLIN CESAR',1,'2024-02-28 23:33:36','2024-02-28 23:33:39'),(114,'EMJO193263','ESTRADA','MALDONADO','JORGE LUIS',1,'2024-02-28 23:33:36','2024-02-28 23:33:40'),(115,'GCAO190068','GUEVARIN','CORRALES','ALAN JAMIR',1,'2024-02-28 23:33:36','2024-02-28 23:33:39'),(116,'JCAO191213','JUAREZ','CUEVAS','ABDIEL',1,'2024-02-28 23:33:36','2024-02-28 23:33:40'),(117,'MLIO191139','MERAZ','LOPEZ','IVAN',1,'2024-02-28 23:33:36','2024-02-28 23:33:40'),(118,'ACMO180408','ARAGON','CATALAN','MIGUEL ANGEL',1,'2024-02-28 23:33:36','2024-02-28 23:33:39'),(119,'CHCO180264','CAMARILLO','HERNANDEZ','CRISTIAN ADOLFO',1,'2024-02-28 23:33:36','2024-02-28 23:33:39'),(120,'DGBO182897','DOMINGUEZ','GARCIA','BERENICE',1,'2024-02-28 23:33:36','2024-02-28 23:33:39'),(121,'DMLO180500','DOMINGUEZ','MORALES','LUIS ELIAS',1,'2024-02-28 23:33:36','2024-02-28 23:33:39'),(122,'DMNO182210','DIAZ','MERCADO','NOHE CRISTOPHER',1,'2024-02-28 23:33:36','2024-02-28 23:33:39'),(123,'DMVO180028','DIAZ','MEDINA','VICTOR',1,'2024-02-28 23:33:36','2024-02-28 23:33:39'),(124,'ECMO181797','ELEOCADIO','CLAUDIO','MARCO ULISES',1,'2024-02-28 23:33:36','2024-02-28 23:33:39'),(125,'GACO182871','GÓMEZ','ARAGÓN','CESAR LEONARDO',1,'2024-02-28 23:33:36','2024-02-28 23:33:39'),(126,'GBAO180001','GUERRERO','BALDERAS','ANGEL',1,'2024-02-28 23:33:36','2024-02-28 23:33:39'),(127,'GPMO182002','GARCIA','PEREZ','MARIA PAOLA',1,'2024-02-28 23:33:36','2024-02-28 23:33:39'),(128,'GTEO181107','GONZALEZ','TOLEDANO','EDUARDO',1,'2024-02-28 23:33:36','2024-02-28 23:33:39'),(129,'HNIO180686','HERNANDEZ','NINIZ','IVAN GEOVANNY',1,'2024-02-28 23:33:36','2024-02-28 23:33:39'),(130,'MMLO180570','MORALES','MERLOS','LUIS ARTURO',1,'2024-02-28 23:33:36','2024-02-28 23:33:39'),(131,'MRDO180010','MARTINEZ','RAMIREZ','DIEGO',1,'2024-02-28 23:33:36','2024-02-28 23:33:39'),(132,'NXLO180629','NAVEZ',NULL,'LESLIE KAREN',1,'2024-02-28 23:33:36','2024-02-28 23:33:39'),(133,'OJLO180634','OCAMPO','JIMÉNEZ','LAURA MONTSERRAT',1,'2024-02-28 23:33:36','2024-02-28 23:33:39'),(134,'PAJO180008','PINEDA','ARAUJO','JORGE TONATIUH',1,'2024-02-28 23:33:36','2024-02-28 23:33:39'),(135,'PBUO180005','PÉREZ','BAÑOS','URIEL',1,'2024-02-28 23:33:36','2024-02-28 23:33:39'),(136,'QHRO180705','QUINTANA','HERNANDEZ','RICARDO',1,'2024-02-28 23:33:36','2024-02-28 23:33:39'),(137,'SAJO180218','SOLANO','ALQUICIRA','JESUS',1,'2024-02-28 23:33:36','2024-02-28 23:33:39'),(138,'SCJO182898','SALVATIERRA','CASTAÑEDA','JUAN FRANCISCO',1,'2024-02-28 23:33:36','2024-02-28 23:33:39'),(139,'SDKO180115','SALAZAR','DIAZ','KARLA FERNANDA',1,'2024-02-28 23:33:36','2024-02-28 23:33:39'),(140,'SPNO180517','SALCEDO','PÉREZ','NANCY ABIGAIL',1,'2024-02-28 23:33:36','2024-02-28 23:33:39'),(141,'APVO182229','ARREGUIN','PEREZ','VICTOR HUGO',1,'2024-02-28 23:33:36','2024-02-28 23:33:39'),(142,'LPLO180009','LÓPEZ','PÉREZ','LESLIE YAEL',1,'2024-02-28 23:33:36','2024-02-28 23:33:39'),(143,'MCGO182355','MORAN','CAMACHO','GESU ALEXANDER',1,'2024-02-28 23:33:36','2024-02-28 23:33:39'),(144,'NMAO180540','NAVA','MENDEZ','ALBERTO',1,'2024-02-28 23:33:36','2024-02-28 23:33:39'),(145,'AZEO180087','AMADOR','ZAMORA','ERIK SERGUEI',1,'2024-02-28 23:33:37','2024-02-28 23:33:39'),(146,'BDJO181269','BACILIO','DÍAZ','JOSÉ ÁNGEL',1,'2024-02-28 23:33:37','2024-02-28 23:33:39'),(147,'BRDO181065','BENITEZ','REYES','DANA EMMANUEL',1,'2024-02-28 23:33:37','2024-02-28 23:33:39'),(148,'BSJO181077','BAHENA','SOLIS','JOSÉ SAÚL',1,'2024-02-28 23:33:37','2024-02-28 23:33:39'),(149,'BVLO180649','BENITEZ','VILLA','LIZZET',1,'2024-02-28 23:33:37','2024-02-28 23:33:39'),(150,'CCAO180074','CASTRO','CRUZ','ANGELICA YOLOTZI',1,'2024-02-28 23:33:37','2024-02-28 23:33:39'),(151,'CGJO180738','CASTAÑEDA','GONZALEZ','JONATHAN MERARI',1,'2024-02-28 23:33:37','2024-02-28 23:33:39'),(152,'DCAO181782','DELGADO','CORRALES','ALVARO ALEXIS',1,'2024-02-28 23:33:37','2024-02-28 23:33:39'),(153,'FAAO181685','FLORES','ARVIZU','ALEJANDRA',1,'2024-02-28 23:33:37','2024-02-28 23:33:39'),(154,'GCCO181147','GUADARRAMA','CABRERA','CRISTIAN JESUS',1,'2024-02-28 23:33:37','2024-02-28 23:33:39'),(155,'GMHO182862','GONZALEZ','MENDOZA','HUGO GERARDO',1,'2024-02-28 23:33:37','2024-02-28 23:33:39'),(156,'GPBO182082','GARCIA','PEREZ','BRISTOL SULLIVAN',1,'2024-02-28 23:33:37','2024-02-28 23:33:39'),(157,'GPUO180925','GUADARRAMA','PAZ','URIEL',1,'2024-02-28 23:33:37','2024-02-28 23:33:39'),(158,'LAJO182881','LOPEZ','ARROYO','JOSE EDUARDO',1,'2024-02-28 23:33:37','2024-02-28 23:33:39'),(159,'LHJO180047','LARA','HINOJOSA','JOHANY JOSEPH',1,'2024-02-28 23:33:37','2024-02-28 23:33:39'),(160,'MLMO180625','MERINO','LUCERO','MARCO ANTONIO',1,'2024-02-28 23:33:37','2024-02-28 23:33:39'),(161,'MVAO181397','MANZANARES','VALLADARES','AXEL RAYMUNDO',1,'2024-02-28 23:33:37','2024-02-28 23:33:39'),(162,'OMRO180304','OVIEDO','MARQUINA','ROCÍO ARELY',1,'2024-02-28 23:33:37','2024-02-28 23:33:39'),(163,'PSLO180611','PEÑA','SALGADO','LEONARDO JOSE',1,'2024-02-28 23:33:37','2024-02-28 23:33:39'),(164,'RCMO180640','RAMIREZ','CHAVEZ','MARIO LUIS',1,'2024-02-28 23:33:37','2024-02-28 23:33:39'),(165,'RRJO181372','REYES','REA','JONATHAN',1,'2024-02-28 23:33:37','2024-02-28 23:33:39'),(166,'RROO180526','RODRIGUEZ','ROMERO','OSCAR SAMUEL',1,'2024-02-28 23:33:37','2024-02-28 23:33:39'),(167,'SANO181164','SALGADO','ALVAREZ','NADIA',1,'2024-02-28 23:33:37','2024-02-28 23:33:39'),(168,'SBFO180617','SANDOVAL','BRITO','FRANCISCO',1,'2024-02-28 23:33:37','2024-02-28 23:33:39'),(169,'DVAO182621','DAZA','VAZQUEZ','ALEXIS MANUEL',1,'2024-02-28 23:33:37','2024-02-28 23:33:39'),(170,'LMAO181055','LOPEZ','MANCILLAS','ASLIN EMILIO',1,'2024-02-28 23:33:37','2024-02-28 23:33:39'),(171,'SAJO180877','SANCHEZ','AGUIRRE','JOSE LUIS',1,'2024-02-28 23:33:37','2024-02-28 23:33:39'),(172,'MGAO182166','MORA','GONZÁLEZ','ANGEL MAXIMILIANO',1,'2024-02-28 23:33:37','2024-02-28 23:33:39'),(173,'FMLO181585','FARO','MORALES','LUIS ROBERTO',1,'2024-02-28 23:33:37','2024-02-28 23:33:39'),(174,'GVEO181997','GONZALEZ','VELAZQUEZ','ELIEL',0,'2024-02-28 23:33:39','2024-02-28 23:33:39'),(175,'VVFO181987','VILLEGAS','VAZQUEZ','FERNANDO',0,'2024-02-28 23:33:39','2024-02-28 23:33:39');
/*!40000 ALTER TABLE `alumnos` ENABLE KEYS */;
UNLOCK TABLES;

--
-- Table structure for table `baja_procesadas`
--

DROP TABLE IF EXISTS `baja_procesadas`;
/*!40101 SET @saved_cs_client     = @@character_set_client */;
/*!40101 SET character_set_client = utf8 */;
CREATE TABLE `baja_procesadas` (
  `id` bigint(20) unsigned NOT NULL AUTO_INCREMENT,
  `idBaja` bigint(20) unsigned NOT NULL,
  `idAlumno` bigint(20) unsigned NOT NULL,
  `bajaDefinitiva` tinyint(1) NOT NULL,
  `observaciones` text DEFAULT NULL,
  `created_at` timestamp NULL DEFAULT NULL,
  `updated_at` timestamp NULL DEFAULT NULL,
  PRIMARY KEY (`id`),
  KEY `baja_procesadas_idbaja_foreign` (`idBaja`),
  KEY `baja_procesadas_idalumno_foreign` (`idAlumno`),
  CONSTRAINT `baja_procesadas_idalumno_foreign` FOREIGN KEY (`idAlumno`) REFERENCES `alumnos` (`id`) ON DELETE CASCADE,
  CONSTRAINT `baja_procesadas_idbaja_foreign` FOREIGN KEY (`idBaja`) REFERENCES `bajas` (`id`) ON DELETE CASCADE
) ENGINE=InnoDB DEFAULT CHARSET=utf8mb4 COLLATE=utf8mb4_unicode_ci;
/*!40101 SET character_set_client = @saved_cs_client */;

--
-- Dumping data for table `baja_procesadas`
--

LOCK TABLES `baja_procesadas` WRITE;
/*!40000 ALTER TABLE `baja_procesadas` DISABLE KEYS */;
/*!40000 ALTER TABLE `baja_procesadas` ENABLE KEYS */;
UNLOCK TABLES;

--
-- Table structure for table `bajas`
--

DROP TABLE IF EXISTS `bajas`;
/*!40101 SET @saved_cs_client     = @@character_set_client */;
/*!40101 SET character_set_client = utf8 */;
CREATE TABLE `bajas` (
  `id` bigint(20) unsigned NOT NULL AUTO_INCREMENT,
  `idUsuario` bigint(20) unsigned NOT NULL,
  `archivo` varchar(255) NOT NULL,
  `procesado` tinyint(1) NOT NULL DEFAULT 0,
  `idCohorte` bigint(20) unsigned NOT NULL,
  `created_at` timestamp NULL DEFAULT NULL,
  `updated_at` timestamp NULL DEFAULT NULL,
  PRIMARY KEY (`id`),
  KEY `bajas_idusuario_foreign` (`idUsuario`),
  KEY `bajas_idcohorte_foreign` (`idCohorte`),
  CONSTRAINT `bajas_idcohorte_foreign` FOREIGN KEY (`idCohorte`) REFERENCES `cohortes` (`id`) ON DELETE CASCADE,
  CONSTRAINT `bajas_idusuario_foreign` FOREIGN KEY (`idUsuario`) REFERENCES `usuarios` (`id`) ON DELETE CASCADE
) ENGINE=InnoDB AUTO_INCREMENT=2 DEFAULT CHARSET=utf8mb4 COLLATE=utf8mb4_unicode_ci;
/*!40101 SET character_set_client = @saved_cs_client */;

--
-- Dumping data for table `bajas`
--

LOCK TABLES `bajas` WRITE;
/*!40000 ALTER TABLE `bajas` DISABLE KEYS */;
INSERT INTO `bajas` VALUES (1,1,'65d94a4c447a1.xlsx',0,1,'2024-02-28 23:25:12','2024-02-28 23:25:12');
/*!40000 ALTER TABLE `bajas` ENABLE KEYS */;
UNLOCK TABLES;

--
-- Table structure for table `calificacion_procesadas`
--

DROP TABLE IF EXISTS `calificacion_procesadas`;
/*!40101 SET @saved_cs_client     = @@character_set_client */;
/*!40101 SET character_set_client = utf8 */;
CREATE TABLE `calificacion_procesadas` (
  `id` bigint(20) unsigned NOT NULL AUTO_INCREMENT,
  `idCohorte` bigint(20) unsigned NOT NULL,
  `idGrupo` bigint(20) unsigned NOT NULL,
  `idMateria` bigint(20) unsigned NOT NULL,
  `idProfesor` bigint(20) unsigned NOT NULL,
  `idAlumno` bigint(20) unsigned NOT NULL,
  `Calificacion` int(11) DEFAULT NULL,
  `TipoCursamiento` varchar(255) DEFAULT NULL,
  `created_at` timestamp NULL DEFAULT NULL,
  `updated_at` timestamp NULL DEFAULT NULL,
  PRIMARY KEY (`id`),
  KEY `calificacion_procesadas_idcohorte_foreign` (`idCohorte`),
  KEY `calificacion_procesadas_idgrupo_foreign` (`idGrupo`),
  KEY `calificacion_procesadas_idmateria_foreign` (`idMateria`),
  KEY `calificacion_procesadas_idprofesor_foreign` (`idProfesor`),
  KEY `calificacion_procesadas_idalumno_foreign` (`idAlumno`),
  CONSTRAINT `calificacion_procesadas_idalumno_foreign` FOREIGN KEY (`idAlumno`) REFERENCES `alumnos` (`id`) ON DELETE CASCADE,
  CONSTRAINT `calificacion_procesadas_idcohorte_foreign` FOREIGN KEY (`idCohorte`) REFERENCES `cohortes` (`id`) ON DELETE CASCADE,
  CONSTRAINT `calificacion_procesadas_idgrupo_foreign` FOREIGN KEY (`idGrupo`) REFERENCES `grupos` (`id`) ON DELETE CASCADE,
  CONSTRAINT `calificacion_procesadas_idmateria_foreign` FOREIGN KEY (`idMateria`) REFERENCES `materias` (`id`) ON DELETE CASCADE,
  CONSTRAINT `calificacion_procesadas_idprofesor_foreign` FOREIGN KEY (`idProfesor`) REFERENCES `profesors` (`id`) ON DELETE CASCADE
) ENGINE=InnoDB AUTO_INCREMENT=1271 DEFAULT CHARSET=utf8mb4 COLLATE=utf8mb4_unicode_ci;
/*!40101 SET character_set_client = @saved_cs_client */;

--
-- Dumping data for table `calificacion_procesadas`
--

LOCK TABLES `calificacion_procesadas` WRITE;
/*!40000 ALTER TABLE `calificacion_procesadas` DISABLE KEYS */;
INSERT INTO `calificacion_procesadas` VALUES (1,1,1,1,1,1,10,'Ordinario','2024-02-28 23:33:33','2024-02-28 23:33:33'),(2,1,2,1,1,2,10,'Ordinario','2024-02-28 23:33:33','2024-02-28 23:33:33'),(3,1,2,1,1,3,10,'Ordinario','2024-02-28 23:33:33','2024-02-28 23:33:33'),(4,1,2,1,1,4,10,'Ordinario','2024-02-28 23:33:33','2024-02-28 23:33:33'),(5,1,2,1,1,5,8,'Ordinario','2024-02-28 23:33:33','2024-02-28 23:33:33'),(6,1,2,1,1,6,10,'Ordinario','2024-02-28 23:33:33','2024-02-28 23:33:33'),(7,1,2,1,1,7,9,'Ordinario','2024-02-28 23:33:33','2024-02-28 23:33:33'),(8,1,2,1,1,8,10,'Ordinario','2024-02-28 23:33:33','2024-02-28 23:33:33'),(9,1,2,1,1,9,9,'Ordinario','2024-02-28 23:33:33','2024-02-28 23:33:33'),(10,1,2,1,1,10,10,'Ordinario','2024-02-28 23:33:33','2024-02-28 23:33:33'),(11,1,2,1,1,11,10,'Ordinario','2024-02-28 23:33:33','2024-02-28 23:33:33'),(12,1,2,1,1,12,9,'Ordinario','2024-02-28 23:33:33','2024-02-28 23:33:33'),(13,1,2,1,1,13,8,'Ordinario','2024-02-28 23:33:33','2024-02-28 23:33:33'),(14,1,2,1,1,14,10,'Ordinario','2024-02-28 23:33:33','2024-02-28 23:33:33'),(15,1,2,1,1,15,10,'Ordinario','2024-02-28 23:33:33','2024-02-28 23:33:33'),(16,1,2,1,1,16,10,'Ordinario','2024-02-28 23:33:33','2024-02-28 23:33:33'),(17,1,2,1,1,17,10,'Ordinario','2024-02-28 23:33:33','2024-02-28 23:33:33'),(18,1,2,1,1,18,9,'Ordinario','2024-02-28 23:33:33','2024-02-28 23:33:33'),(19,1,2,1,1,19,10,'Ordinario','2024-02-28 23:33:33','2024-02-28 23:33:33'),(20,1,2,1,1,20,7,'Ordinario','2024-02-28 23:33:33','2024-02-28 23:33:33'),(21,1,2,1,1,21,10,'Ordinario','2024-02-28 23:33:33','2024-02-28 23:33:33'),(22,1,2,1,1,22,10,'Ordinario','2024-02-28 23:33:33','2024-02-28 23:33:33'),(23,1,2,1,1,23,10,'Ordinario','2024-02-28 23:33:33','2024-02-28 23:33:33'),(24,1,2,1,1,24,8,'Ordinario','2024-02-28 23:33:33','2024-02-28 23:33:33'),(25,1,2,1,1,25,10,'Ordinario','2024-02-28 23:33:33','2024-02-28 23:33:33'),(26,1,2,1,1,26,10,'Ordinario','2024-02-28 23:33:33','2024-02-28 23:33:33'),(27,1,2,1,1,27,10,'Ordinario','2024-02-28 23:33:33','2024-02-28 23:33:33'),(28,1,2,1,1,28,10,'Ordinario','2024-02-28 23:33:33','2024-02-28 23:33:33'),(29,1,2,1,1,29,8,'Ordinario','2024-02-28 23:33:33','2024-02-28 23:33:33'),(30,1,2,1,1,30,10,'Ordinario','2024-02-28 23:33:33','2024-02-28 23:33:33'),(31,1,2,1,1,31,9,'Ordinario','2024-02-28 23:33:33','2024-02-28 23:33:33'),(32,1,2,1,1,32,9,'Ordinario','2024-02-28 23:33:33','2024-02-28 23:33:33'),(33,1,2,1,1,33,8,'Ordinario','2024-02-28 23:33:33','2024-02-28 23:33:33'),(34,1,2,2,2,1,7,'Ordinario','2024-02-28 23:33:33','2024-02-28 23:33:33'),(35,1,2,2,2,2,7,'Ordinario','2024-02-28 23:33:33','2024-02-28 23:33:33'),(36,1,2,2,2,3,6,'Ordinario','2024-02-28 23:33:33','2024-02-28 23:33:33'),(37,1,2,2,2,4,7,'Ordinario','2024-02-28 23:33:33','2024-02-28 23:33:33'),(38,1,2,2,2,5,8,'Ordinario','2024-02-28 23:33:33','2024-02-28 23:33:33'),(39,1,2,2,2,6,6,'Ordinario','2024-02-28 23:33:33','2024-02-28 23:33:33'),(40,1,2,2,2,7,7,'Ordinario','2024-02-28 23:33:33','2024-02-28 23:33:33'),(41,1,2,2,2,8,6,'Ordinario','2024-02-28 23:33:33','2024-02-28 23:33:33'),(42,1,2,2,2,9,6,'Ordinario','2024-02-28 23:33:33','2024-02-28 23:33:33'),(43,1,2,2,2,10,7,'Ordinario','2024-02-28 23:33:33','2024-02-28 23:33:33'),(44,1,2,2,2,11,6,'Ordinario','2024-02-28 23:33:33','2024-02-28 23:33:33'),(45,1,2,2,2,12,6,'Ordinario','2024-02-28 23:33:33','2024-02-28 23:33:33'),(46,1,2,2,2,13,7,'Ordinario','2024-02-28 23:33:33','2024-02-28 23:33:33'),(47,1,2,2,2,14,7,'Ordinario','2024-02-28 23:33:33','2024-02-28 23:33:33'),(48,1,2,2,2,15,7,'Ordinario','2024-02-28 23:33:33','2024-02-28 23:33:33'),(49,1,2,2,2,16,6,'Ordinario','2024-02-28 23:33:33','2024-02-28 23:33:33'),(50,1,2,2,2,17,8,'Ordinario','2024-02-28 23:33:33','2024-02-28 23:33:33'),(51,1,2,2,2,18,6,'Ordinario','2024-02-28 23:33:33','2024-02-28 23:33:33'),(52,1,2,2,2,19,9,'Ordinario','2024-02-28 23:33:33','2024-02-28 23:33:33'),(53,1,2,2,2,20,6,'Ordinario','2024-02-28 23:33:33','2024-02-28 23:33:33'),(54,1,2,2,2,21,6,'Ordinario','2024-02-28 23:33:33','2024-02-28 23:33:33'),(55,1,2,2,2,22,7,'Ordinario','2024-02-28 23:33:33','2024-02-28 23:33:33'),(56,1,2,2,2,23,7,'Ordinario','2024-02-28 23:33:33','2024-02-28 23:33:33'),(57,1,2,2,2,24,6,'Ordinario','2024-02-28 23:33:33','2024-02-28 23:33:33'),(58,1,2,2,2,25,7,'Ordinario','2024-02-28 23:33:33','2024-02-28 23:33:33'),(59,1,2,2,2,26,7,'Ordinario','2024-02-28 23:33:33','2024-02-28 23:33:33'),(60,1,2,2,2,27,6,'Ordinario','2024-02-28 23:33:33','2024-02-28 23:33:33'),(61,1,2,2,2,28,8,'Ordinario','2024-02-28 23:33:33','2024-02-28 23:33:33'),(62,1,2,2,2,29,7,'Ordinario','2024-02-28 23:33:33','2024-02-28 23:33:33'),(63,1,2,2,2,30,9,'Ordinario','2024-02-28 23:33:33','2024-02-28 23:33:33'),(64,1,2,2,2,31,0,'Ordinario','2024-02-28 23:33:33','2024-02-28 23:33:33'),(65,1,2,2,2,32,6,'Ordinario','2024-02-28 23:33:33','2024-02-28 23:33:33'),(66,1,2,2,2,33,6,'Ordinario','2024-02-28 23:33:33','2024-02-28 23:33:33'),(67,1,2,3,3,1,9,'Ordinario','2024-02-28 23:33:33','2024-02-28 23:33:33'),(68,1,2,3,3,2,9,'Ordinario','2024-02-28 23:33:33','2024-02-28 23:33:33'),(69,1,2,3,3,3,9,'Ordinario','2024-02-28 23:33:33','2024-02-28 23:33:33'),(70,1,2,3,3,4,9,'Ordinario','2024-02-28 23:33:33','2024-02-28 23:33:33'),(71,1,2,3,3,5,9,'Ordinario','2024-02-28 23:33:33','2024-02-28 23:33:33'),(72,1,2,3,3,6,9,'Ordinario','2024-02-28 23:33:33','2024-02-28 23:33:33'),(73,1,2,3,3,7,8,'Ordinario','2024-02-28 23:33:33','2024-02-28 23:33:33'),(74,1,2,3,3,8,9,'Ordinario','2024-02-28 23:33:33','2024-02-28 23:33:33'),(75,1,2,3,3,9,9,'Ordinario','2024-02-28 23:33:33','2024-02-28 23:33:33'),(76,1,2,3,3,10,8,'Ordinario','2024-02-28 23:33:33','2024-02-28 23:33:33'),(77,1,2,3,3,11,8,'Ordinario','2024-02-28 23:33:33','2024-02-28 23:33:33'),(78,1,2,3,3,12,9,'Ordinario','2024-02-28 23:33:33','2024-02-28 23:33:33'),(79,1,2,3,3,13,9,'Ordinario','2024-02-28 23:33:33','2024-02-28 23:33:33'),(80,1,2,3,3,14,9,'Ordinario','2024-02-28 23:33:33','2024-02-28 23:33:33'),(81,1,2,3,3,15,9,'Ordinario','2024-02-28 23:33:33','2024-02-28 23:33:33'),(82,1,2,3,3,16,9,'Ordinario','2024-02-28 23:33:33','2024-02-28 23:33:33'),(83,1,2,3,3,17,9,'Ordinario','2024-02-28 23:33:33','2024-02-28 23:33:33'),(84,1,2,3,3,18,9,'Ordinario','2024-02-28 23:33:33','2024-02-28 23:33:33'),(85,1,2,3,3,19,9,'Ordinario','2024-02-28 23:33:33','2024-02-28 23:33:33'),(86,1,2,3,3,20,8,'Ordinario','2024-02-28 23:33:33','2024-02-28 23:33:33'),(87,1,2,3,3,21,9,'Ordinario','2024-02-28 23:33:33','2024-02-28 23:33:33'),(88,1,2,3,3,22,9,'Ordinario','2024-02-28 23:33:33','2024-02-28 23:33:33'),(89,1,2,3,3,23,9,'Ordinario','2024-02-28 23:33:33','2024-02-28 23:33:33'),(90,1,2,3,3,24,8,'Ordinario','2024-02-28 23:33:33','2024-02-28 23:33:33'),(91,1,2,3,3,25,9,'Ordinario','2024-02-28 23:33:33','2024-02-28 23:33:33'),(92,1,2,3,3,26,9,'Ordinario','2024-02-28 23:33:33','2024-02-28 23:33:33'),(93,1,2,3,3,27,9,'Ordinario','2024-02-28 23:33:33','2024-02-28 23:33:33'),(94,1,2,3,3,28,9,'Ordinario','2024-02-28 23:33:33','2024-02-28 23:33:33'),(95,1,2,3,3,29,8,'Ordinario','2024-02-28 23:33:33','2024-02-28 23:33:33'),(96,1,2,3,3,30,9,'Ordinario','2024-02-28 23:33:33','2024-02-28 23:33:33'),(97,1,2,3,3,31,5,'Ordinario','2024-02-28 23:33:33','2024-02-28 23:33:33'),(98,1,2,3,3,32,8,'Ordinario','2024-02-28 23:33:33','2024-02-28 23:33:33'),(99,1,2,3,3,33,9,'Ordinario','2024-02-28 23:33:33','2024-02-28 23:33:33'),(100,1,2,4,4,1,9,'Ordinario','2024-02-28 23:33:33','2024-02-28 23:33:33'),(101,1,2,4,4,2,9,'Ordinario','2024-02-28 23:33:34','2024-02-28 23:33:34'),(102,1,2,4,4,3,9,'Ordinario','2024-02-28 23:33:34','2024-02-28 23:33:34'),(103,1,2,4,4,4,8,'Ordinario','2024-02-28 23:33:34','2024-02-28 23:33:34'),(104,1,2,4,4,5,7,'Ordinario','2024-02-28 23:33:34','2024-02-28 23:33:34'),(105,1,2,4,4,6,8,'Ordinario','2024-02-28 23:33:34','2024-02-28 23:33:34'),(106,1,2,4,4,7,8,'Ordinario','2024-02-28 23:33:34','2024-02-28 23:33:34'),(107,1,2,4,4,8,9,'Ordinario','2024-02-28 23:33:34','2024-02-28 23:33:34'),(108,1,2,4,4,9,8,'Ordinario','2024-02-28 23:33:34','2024-02-28 23:33:34'),(109,1,2,4,4,10,9,'Ordinario','2024-02-28 23:33:34','2024-02-28 23:33:34'),(110,1,2,4,4,11,8,'Ordinario','2024-02-28 23:33:34','2024-02-28 23:33:34'),(111,1,2,4,4,12,9,'Ordinario','2024-02-28 23:33:34','2024-02-28 23:33:34'),(112,1,2,4,4,13,8,'Ordinario','2024-02-28 23:33:34','2024-02-28 23:33:34'),(113,1,2,4,4,14,9,'Ordinario','2024-02-28 23:33:34','2024-02-28 23:33:34'),(114,1,2,4,4,15,9,'Ordinario','2024-02-28 23:33:34','2024-02-28 23:33:34'),(115,1,2,4,4,16,9,'Ordinario','2024-02-28 23:33:34','2024-02-28 23:33:34'),(116,1,2,4,4,17,9,'Ordinario','2024-02-28 23:33:34','2024-02-28 23:33:34'),(117,1,2,4,4,18,8,'Ordinario','2024-02-28 23:33:34','2024-02-28 23:33:34'),(118,1,2,4,4,19,9,'Ordinario','2024-02-28 23:33:34','2024-02-28 23:33:34'),(119,1,2,4,4,20,7,'Ordinario','2024-02-28 23:33:34','2024-02-28 23:33:34'),(120,1,2,4,4,21,9,'Ordinario','2024-02-28 23:33:34','2024-02-28 23:33:34'),(121,1,2,4,4,22,8,'Ordinario','2024-02-28 23:33:34','2024-02-28 23:33:34'),(122,1,2,4,4,23,9,'Ordinario','2024-02-28 23:33:34','2024-02-28 23:33:34'),(123,1,2,4,4,24,7,'Ordinario','2024-02-28 23:33:34','2024-02-28 23:33:34'),(124,1,2,4,4,25,9,'Ordinario','2024-02-28 23:33:34','2024-02-28 23:33:34'),(125,1,2,4,4,26,9,'Ordinario','2024-02-28 23:33:34','2024-02-28 23:33:34'),(126,1,2,4,4,27,8,'Ordinario','2024-02-28 23:33:34','2024-02-28 23:33:34'),(127,1,2,4,4,28,9,'Ordinario','2024-02-28 23:33:34','2024-02-28 23:33:34'),(128,1,2,4,4,29,7,'Ordinario','2024-02-28 23:33:34','2024-02-28 23:33:34'),(129,1,2,4,4,30,9,'Ordinario','2024-02-28 23:33:34','2024-02-28 23:33:34'),(130,1,2,4,4,31,8,'Ordinario','2024-02-28 23:33:34','2024-02-28 23:33:34'),(131,1,2,4,4,32,7,'Ordinario','2024-02-28 23:33:34','2024-02-28 23:33:34'),(132,1,2,4,4,33,8,'Ordinario','2024-02-28 23:33:34','2024-02-28 23:33:34'),(133,1,2,5,5,1,8,'Ordinario','2024-02-28 23:33:34','2024-02-28 23:33:34'),(134,1,2,5,5,2,8,'Ordinario','2024-02-28 23:33:34','2024-02-28 23:33:34'),(135,1,2,5,5,3,8,'Ordinario','2024-02-28 23:33:34','2024-02-28 23:33:34'),(136,1,2,5,5,4,8,'Ordinario','2024-02-28 23:33:34','2024-02-28 23:33:34'),(137,1,2,5,5,5,6,'Ordinario','2024-02-28 23:33:34','2024-02-28 23:33:34'),(138,1,2,5,5,6,7,'Ordinario','2024-02-28 23:33:34','2024-02-28 23:33:34'),(139,1,2,5,5,7,4,'Ordinario','2024-02-28 23:33:34','2024-02-28 23:33:34'),(140,1,2,5,5,8,9,'Ordinario','2024-02-28 23:33:34','2024-02-28 23:33:34'),(141,1,2,5,5,9,7,'Ordinario','2024-02-28 23:33:34','2024-02-28 23:33:34'),(142,1,2,5,5,10,7,'Ordinario','2024-02-28 23:33:34','2024-02-28 23:33:34'),(143,1,2,5,5,11,6,'Ordinario','2024-02-28 23:33:34','2024-02-28 23:33:34'),(144,1,2,5,5,12,7,'Ordinario','2024-02-28 23:33:34','2024-02-28 23:33:34'),(145,1,2,5,5,13,7,'Ordinario','2024-02-28 23:33:34','2024-02-28 23:33:34'),(146,1,2,5,5,14,8,'Ordinario','2024-02-28 23:33:34','2024-02-28 23:33:34'),(147,1,2,5,5,15,8,'Ordinario','2024-02-28 23:33:34','2024-02-28 23:33:34'),(148,1,2,5,5,16,6,'Ordinario','2024-02-28 23:33:34','2024-02-28 23:33:34'),(149,1,2,5,5,17,9,'Ordinario','2024-02-28 23:33:34','2024-02-28 23:33:34'),(150,1,2,5,5,18,8,'Ordinario','2024-02-28 23:33:34','2024-02-28 23:33:34'),(151,1,2,5,5,19,9,'Ordinario','2024-02-28 23:33:34','2024-02-28 23:33:34'),(152,1,2,5,5,20,4,'Ordinario','2024-02-28 23:33:34','2024-02-28 23:33:34'),(153,1,2,5,5,21,9,'Ordinario','2024-02-28 23:33:34','2024-02-28 23:33:34'),(154,1,2,5,5,22,9,'Ordinario','2024-02-28 23:33:34','2024-02-28 23:33:34'),(155,1,2,5,5,23,8,'Ordinario','2024-02-28 23:33:34','2024-02-28 23:33:34'),(156,1,2,5,5,24,6,'Ordinario','2024-02-28 23:33:34','2024-02-28 23:33:34'),(157,1,2,5,5,25,8,'Ordinario','2024-02-28 23:33:34','2024-02-28 23:33:34'),(158,1,2,5,5,26,9,'Ordinario','2024-02-28 23:33:34','2024-02-28 23:33:34'),(159,1,2,5,5,27,9,'Ordinario','2024-02-28 23:33:34','2024-02-28 23:33:34'),(160,1,2,5,5,28,10,'Ordinario','2024-02-28 23:33:34','2024-02-28 23:33:34'),(161,1,2,5,5,29,7,'Ordinario','2024-02-28 23:33:34','2024-02-28 23:33:34'),(162,1,2,5,5,30,9,'Ordinario','2024-02-28 23:33:34','2024-02-28 23:33:34'),(163,1,2,5,5,31,5,'Ordinario','2024-02-28 23:33:34','2024-02-28 23:33:34'),(164,1,2,5,5,32,5,'Ordinario','2024-02-28 23:33:34','2024-02-28 23:33:34'),(165,1,2,5,5,33,6,'Ordinario','2024-02-28 23:33:34','2024-02-28 23:33:34'),(166,1,3,1,6,34,9,'Ordinario','2024-02-28 23:33:34','2024-02-28 23:33:34'),(167,1,3,1,6,35,10,'Ordinario','2024-02-28 23:33:34','2024-02-28 23:33:34'),(168,1,3,1,6,36,9,'Ordinario','2024-02-28 23:33:34','2024-02-28 23:33:34'),(169,1,3,1,6,37,9,'Ordinario','2024-02-28 23:33:34','2024-02-28 23:33:34'),(170,1,3,1,6,38,10,'Ordinario','2024-02-28 23:33:34','2024-02-28 23:33:34'),(171,1,3,1,6,39,10,'Ordinario','2024-02-28 23:33:34','2024-02-28 23:33:34'),(172,1,3,1,6,40,9,'Ordinario','2024-02-28 23:33:34','2024-02-28 23:33:34'),(173,1,3,1,6,41,10,'Ordinario','2024-02-28 23:33:34','2024-02-28 23:33:34'),(174,1,3,1,6,42,9,'Ordinario','2024-02-28 23:33:34','2024-02-28 23:33:34'),(175,1,3,1,6,43,9,'Ordinario','2024-02-28 23:33:34','2024-02-28 23:33:34'),(176,1,3,1,6,44,10,'Ordinario','2024-02-28 23:33:34','2024-02-28 23:33:34'),(177,1,3,1,6,45,10,'Ordinario','2024-02-28 23:33:34','2024-02-28 23:33:34'),(178,1,3,1,6,46,9,'Ordinario','2024-02-28 23:33:34','2024-02-28 23:33:34'),(179,1,3,1,6,47,8,'Ordinario','2024-02-28 23:33:34','2024-02-28 23:33:34'),(180,1,3,1,6,48,8,'Ordinario','2024-02-28 23:33:34','2024-02-28 23:33:34'),(181,1,3,1,6,49,9,'Ordinario','2024-02-28 23:33:34','2024-02-28 23:33:34'),(182,1,3,1,6,50,8,'Ordinario','2024-02-28 23:33:34','2024-02-28 23:33:34'),(183,1,3,1,6,51,9,'Ordinario','2024-02-28 23:33:34','2024-02-28 23:33:34'),(184,1,3,1,6,52,9,'Ordinario','2024-02-28 23:33:34','2024-02-28 23:33:34'),(185,1,3,1,6,53,10,'Ordinario','2024-02-28 23:33:34','2024-02-28 23:33:34'),(186,1,3,1,6,54,9,'Ordinario','2024-02-28 23:33:34','2024-02-28 23:33:34'),(187,1,3,1,6,55,8,'Ordinario','2024-02-28 23:33:34','2024-02-28 23:33:34'),(188,1,3,1,6,56,9,'Ordinario','2024-02-28 23:33:34','2024-02-28 23:33:34'),(189,1,3,1,6,57,9,'Ordinario','2024-02-28 23:33:34','2024-02-28 23:33:34'),(190,1,3,1,6,58,9,'Ordinario','2024-02-28 23:33:34','2024-02-28 23:33:34'),(191,1,3,1,6,59,8,'Ordinario','2024-02-28 23:33:34','2024-02-28 23:33:34'),(192,1,3,1,6,60,9,'Ordinario','2024-02-28 23:33:34','2024-02-28 23:33:34'),(193,1,3,1,6,61,9,'Ordinario','2024-02-28 23:33:34','2024-02-28 23:33:34'),(194,1,3,1,6,62,10,'Ordinario','2024-02-28 23:33:34','2024-02-28 23:33:34'),(195,1,3,1,6,63,10,'Ordinario','2024-02-28 23:33:34','2024-02-28 23:33:34'),(196,1,3,1,6,64,10,'Ordinario','2024-02-28 23:33:34','2024-02-28 23:33:34'),(197,1,3,1,6,65,9,'Ordinario','2024-02-28 23:33:34','2024-02-28 23:33:34'),(198,1,3,2,2,34,6,'Ordinario','2024-02-28 23:33:34','2024-02-28 23:33:34'),(199,1,3,2,2,35,7,'Ordinario','2024-02-28 23:33:34','2024-02-28 23:33:34'),(200,1,3,2,2,36,0,'Ordinario','2024-02-28 23:33:34','2024-02-28 23:33:34'),(201,1,3,2,2,37,6,'Ordinario','2024-02-28 23:33:34','2024-02-28 23:33:34'),(202,1,3,2,2,38,6,'Ordinario','2024-02-28 23:33:34','2024-02-28 23:33:34'),(203,1,3,2,2,39,7,'Ordinario','2024-02-28 23:33:34','2024-02-28 23:33:34'),(204,1,3,2,2,40,6,'Ordinario','2024-02-28 23:33:34','2024-02-28 23:33:34'),(205,1,3,2,2,41,6,'Ordinario','2024-02-28 23:33:34','2024-02-28 23:33:34'),(206,1,3,2,2,42,7,'Ordinario','2024-02-28 23:33:34','2024-02-28 23:33:34'),(207,1,3,2,2,43,6,'Ordinario','2024-02-28 23:33:34','2024-02-28 23:33:34'),(208,1,3,2,2,44,7,'Ordinario','2024-02-28 23:33:34','2024-02-28 23:33:34'),(209,1,3,2,2,45,6,'Ordinario','2024-02-28 23:33:34','2024-02-28 23:33:34'),(210,1,3,2,2,46,6,'Ordinario','2024-02-28 23:33:34','2024-02-28 23:33:34'),(211,1,3,2,2,47,7,'Ordinario','2024-02-28 23:33:34','2024-02-28 23:33:34'),(212,1,3,2,2,48,0,'Ordinario','2024-02-28 23:33:34','2024-02-28 23:33:34'),(213,1,3,2,2,49,6,'Ordinario','2024-02-28 23:33:34','2024-02-28 23:33:34'),(214,1,3,2,2,50,6,'Ordinario','2024-02-28 23:33:34','2024-02-28 23:33:34'),(215,1,3,2,2,51,6,'Ordinario','2024-02-28 23:33:34','2024-02-28 23:33:34'),(216,1,3,2,2,52,6,'Ordinario','2024-02-28 23:33:34','2024-02-28 23:33:34'),(217,1,3,2,2,53,7,'Ordinario','2024-02-28 23:33:34','2024-02-28 23:33:34'),(218,1,3,2,2,54,6,'Ordinario','2024-02-28 23:33:34','2024-02-28 23:33:34'),(219,1,3,2,2,55,6,'Ordinario','2024-02-28 23:33:34','2024-02-28 23:33:34'),(220,1,3,2,2,56,6,'Ordinario','2024-02-28 23:33:34','2024-02-28 23:33:34'),(221,1,3,2,2,57,6,'Ordinario','2024-02-28 23:33:34','2024-02-28 23:33:34'),(222,1,3,2,2,58,6,'Ordinario','2024-02-28 23:33:34','2024-02-28 23:33:34'),(223,1,3,2,2,59,8,'Ordinario','2024-02-28 23:33:34','2024-02-28 23:33:34'),(224,1,3,2,2,60,0,'Ordinario','2024-02-28 23:33:34','2024-02-28 23:33:34'),(225,1,3,2,2,61,6,'Ordinario','2024-02-28 23:33:34','2024-02-28 23:33:34'),(226,1,3,2,2,62,7,'Ordinario','2024-02-28 23:33:34','2024-02-28 23:33:34'),(227,1,3,2,2,63,6,'Ordinario','2024-02-28 23:33:34','2024-02-28 23:33:34'),(228,1,3,2,2,64,6,'Ordinario','2024-02-28 23:33:34','2024-02-28 23:33:34'),(229,1,3,2,2,65,6,'Ordinario','2024-02-28 23:33:34','2024-02-28 23:33:34'),(230,1,3,2,2,66,8,'Recursamiento','2024-02-28 23:33:34','2024-02-28 23:33:34'),(231,1,3,3,7,34,8,'Ordinario','2024-02-28 23:33:34','2024-02-28 23:33:34'),(232,1,3,3,7,35,9,'Ordinario','2024-02-28 23:33:34','2024-02-28 23:33:34'),(233,1,3,3,7,36,7,'Ordinario','2024-02-28 23:33:34','2024-02-28 23:33:34'),(234,1,3,3,7,37,9,'Ordinario','2024-02-28 23:33:34','2024-02-28 23:33:34'),(235,1,3,3,7,38,9,'Ordinario','2024-02-28 23:33:34','2024-02-28 23:33:34'),(236,1,3,3,7,39,10,'Ordinario','2024-02-28 23:33:34','2024-02-28 23:33:34'),(237,1,3,3,7,40,8,'Ordinario','2024-02-28 23:33:34','2024-02-28 23:33:34'),(238,1,3,3,7,41,8,'Ordinario','2024-02-28 23:33:34','2024-02-28 23:33:34'),(239,1,3,3,7,42,8,'Ordinario','2024-02-28 23:33:34','2024-02-28 23:33:34'),(240,1,3,3,7,43,8,'Ordinario','2024-02-28 23:33:34','2024-02-28 23:33:34'),(241,1,3,3,7,44,9,'Ordinario','2024-02-28 23:33:34','2024-02-28 23:33:34'),(242,1,3,3,7,45,9,'Ordinario','2024-02-28 23:33:34','2024-02-28 23:33:34'),(243,1,3,3,7,46,8,'Ordinario','2024-02-28 23:33:34','2024-02-28 23:33:34'),(244,1,3,3,7,47,8,'Ordinario','2024-02-28 23:33:34','2024-02-28 23:33:34'),(245,1,3,3,7,48,7,'Ordinario','2024-02-28 23:33:34','2024-02-28 23:33:34'),(246,1,3,3,7,49,9,'Ordinario','2024-02-28 23:33:34','2024-02-28 23:33:34'),(247,1,3,3,7,50,8,'Ordinario','2024-02-28 23:33:34','2024-02-28 23:33:34'),(248,1,3,3,7,51,9,'Ordinario','2024-02-28 23:33:34','2024-02-28 23:33:34'),(249,1,3,3,7,52,10,'Ordinario','2024-02-28 23:33:34','2024-02-28 23:33:34'),(250,1,3,3,7,53,9,'Ordinario','2024-02-28 23:33:34','2024-02-28 23:33:34'),(251,1,3,3,7,54,9,'Ordinario','2024-02-28 23:33:34','2024-02-28 23:33:34'),(252,1,3,3,7,55,9,'Ordinario','2024-02-28 23:33:34','2024-02-28 23:33:34'),(253,1,3,3,7,56,9,'Ordinario','2024-02-28 23:33:34','2024-02-28 23:33:34'),(254,1,3,3,7,57,10,'Ordinario','2024-02-28 23:33:34','2024-02-28 23:33:34'),(255,1,3,3,7,58,8,'Ordinario','2024-02-28 23:33:34','2024-02-28 23:33:34'),(256,1,3,3,7,59,8,'Ordinario','2024-02-28 23:33:34','2024-02-28 23:33:34'),(257,1,3,3,7,60,7,'Ordinario','2024-02-28 23:33:34','2024-02-28 23:33:34'),(258,1,3,3,7,61,7,'Ordinario','2024-02-28 23:33:34','2024-02-28 23:33:34'),(259,1,3,3,7,62,9,'Ordinario','2024-02-28 23:33:34','2024-02-28 23:33:34'),(260,1,3,3,7,63,9,'Ordinario','2024-02-28 23:33:34','2024-02-28 23:33:34'),(261,1,3,3,7,64,8,'Ordinario','2024-02-28 23:33:34','2024-02-28 23:33:34'),(262,1,3,3,7,65,9,'Ordinario','2024-02-28 23:33:34','2024-02-28 23:33:34'),(263,1,3,6,8,34,8,'Ordinario','2024-02-28 23:33:34','2024-02-28 23:33:34'),(264,1,3,6,8,35,9,'Ordinario','2024-02-28 23:33:34','2024-02-28 23:33:34'),(265,1,3,6,8,36,5,'Ordinario','2024-02-28 23:33:34','2024-02-28 23:33:34'),(266,1,3,6,8,37,10,'Ordinario','2024-02-28 23:33:34','2024-02-28 23:33:34'),(267,1,3,6,8,38,9,'Ordinario','2024-02-28 23:33:34','2024-02-28 23:33:34'),(268,1,3,6,8,39,10,'Ordinario','2024-02-28 23:33:34','2024-02-28 23:33:34'),(269,1,3,6,8,40,5,'Ordinario','2024-02-28 23:33:34','2024-02-28 23:33:34'),(270,1,3,6,8,41,9,'Ordinario','2024-02-28 23:33:34','2024-02-28 23:33:34'),(271,1,3,6,8,42,9,'Ordinario','2024-02-28 23:33:34','2024-02-28 23:33:34'),(272,1,3,6,8,43,9,'Ordinario','2024-02-28 23:33:34','2024-02-28 23:33:34'),(273,1,3,6,8,44,10,'Ordinario','2024-02-28 23:33:34','2024-02-28 23:33:34'),(274,1,3,6,8,45,10,'Ordinario','2024-02-28 23:33:34','2024-02-28 23:33:34'),(275,1,3,6,8,46,10,'Ordinario','2024-02-28 23:33:34','2024-02-28 23:33:34'),(276,1,3,6,8,47,9,'Ordinario','2024-02-28 23:33:34','2024-02-28 23:33:34'),(277,1,3,6,8,48,8,'Ordinario','2024-02-28 23:33:34','2024-02-28 23:33:34'),(278,1,3,6,8,49,9,'Ordinario','2024-02-28 23:33:34','2024-02-28 23:33:34'),(279,1,3,6,8,50,9,'Ordinario','2024-02-28 23:33:34','2024-02-28 23:33:34'),(280,1,3,6,8,51,9,'Ordinario','2024-02-28 23:33:34','2024-02-28 23:33:34'),(281,1,3,6,8,52,9,'Ordinario','2024-02-28 23:33:34','2024-02-28 23:33:34'),(282,1,3,6,8,53,10,'Ordinario','2024-02-28 23:33:34','2024-02-28 23:33:34'),(283,1,3,6,8,54,9,'Ordinario','2024-02-28 23:33:34','2024-02-28 23:33:34'),(284,1,3,6,8,55,9,'Ordinario','2024-02-28 23:33:34','2024-02-28 23:33:34'),(285,1,3,6,8,56,9,'Ordinario','2024-02-28 23:33:34','2024-02-28 23:33:34'),(286,1,3,6,8,57,9,'Ordinario','2024-02-28 23:33:34','2024-02-28 23:33:34'),(287,1,3,6,8,58,9,'Ordinario','2024-02-28 23:33:34','2024-02-28 23:33:34'),(288,1,3,6,8,59,8,'Ordinario','2024-02-28 23:33:34','2024-02-28 23:33:34'),(289,1,3,6,8,60,5,'Ordinario','2024-02-28 23:33:34','2024-02-28 23:33:34'),(290,1,3,6,8,61,8,'Ordinario','2024-02-28 23:33:34','2024-02-28 23:33:34'),(291,1,3,6,8,62,10,'Ordinario','2024-02-28 23:33:34','2024-02-28 23:33:34'),(292,1,3,6,8,63,9,'Ordinario','2024-02-28 23:33:34','2024-02-28 23:33:34'),(293,1,3,6,8,64,10,'Ordinario','2024-02-28 23:33:34','2024-02-28 23:33:34'),(294,1,3,6,8,66,10,'Recursamiento','2024-02-28 23:33:34','2024-02-28 23:33:34'),(295,1,3,6,8,65,9,'Ordinario','2024-02-28 23:33:34','2024-02-28 23:33:34'),(296,1,3,4,4,34,9,'Ordinario','2024-02-28 23:33:34','2024-02-28 23:33:34'),(297,1,3,4,4,35,9,'Ordinario','2024-02-28 23:33:34','2024-02-28 23:33:34'),(298,1,3,4,4,36,7,'Ordinario','2024-02-28 23:33:34','2024-02-28 23:33:34'),(299,1,3,4,4,37,9,'Ordinario','2024-02-28 23:33:34','2024-02-28 23:33:34'),(300,1,3,4,4,38,9,'Ordinario','2024-02-28 23:33:34','2024-02-28 23:33:34'),(301,1,3,4,4,39,9,'Ordinario','2024-02-28 23:33:35','2024-02-28 23:33:35'),(302,1,3,4,4,40,3,'Ordinario','2024-02-28 23:33:35','2024-02-28 23:33:35'),(303,1,3,4,4,41,9,'Ordinario','2024-02-28 23:33:35','2024-02-28 23:33:35'),(304,1,3,4,4,42,8,'Ordinario','2024-02-28 23:33:35','2024-02-28 23:33:35'),(305,1,3,4,4,43,8,'Ordinario','2024-02-28 23:33:35','2024-02-28 23:33:35'),(306,1,3,4,4,44,9,'Ordinario','2024-02-28 23:33:35','2024-02-28 23:33:35'),(307,1,3,4,4,45,9,'Ordinario','2024-02-28 23:33:35','2024-02-28 23:33:35'),(308,1,3,4,4,46,8,'Ordinario','2024-02-28 23:33:35','2024-02-28 23:33:35'),(309,1,3,4,4,47,9,'Ordinario','2024-02-28 23:33:35','2024-02-28 23:33:35'),(310,1,3,4,4,48,8,'Ordinario','2024-02-28 23:33:35','2024-02-28 23:33:35'),(311,1,3,4,4,49,8,'Ordinario','2024-02-28 23:33:35','2024-02-28 23:33:35'),(312,1,3,4,4,50,8,'Ordinario','2024-02-28 23:33:35','2024-02-28 23:33:35'),(313,1,3,4,4,51,8,'Ordinario','2024-02-28 23:33:35','2024-02-28 23:33:35'),(314,1,3,4,4,52,8,'Ordinario','2024-02-28 23:33:35','2024-02-28 23:33:35'),(315,1,3,4,4,53,8,'Ordinario','2024-02-28 23:33:35','2024-02-28 23:33:35'),(316,1,3,4,4,54,9,'Ordinario','2024-02-28 23:33:35','2024-02-28 23:33:35'),(317,1,3,4,4,55,7,'Ordinario','2024-02-28 23:33:35','2024-02-28 23:33:35'),(318,1,3,4,4,56,9,'Ordinario','2024-02-28 23:33:35','2024-02-28 23:33:35'),(319,1,3,4,4,57,8,'Ordinario','2024-02-28 23:33:35','2024-02-28 23:33:35'),(320,1,3,4,4,58,8,'Ordinario','2024-02-28 23:33:35','2024-02-28 23:33:35'),(321,1,3,4,4,59,8,'Ordinario','2024-02-28 23:33:35','2024-02-28 23:33:35'),(322,1,3,4,4,60,7,'Ordinario','2024-02-28 23:33:35','2024-02-28 23:33:35'),(323,1,3,4,4,61,7,'Ordinario','2024-02-28 23:33:35','2024-02-28 23:33:35'),(324,1,3,4,4,62,9,'Ordinario','2024-02-28 23:33:35','2024-02-28 23:33:35'),(325,1,3,4,4,63,9,'Ordinario','2024-02-28 23:33:35','2024-02-28 23:33:35'),(326,1,3,4,4,64,9,'Ordinario','2024-02-28 23:33:35','2024-02-28 23:33:35'),(327,1,3,4,4,65,8,'Ordinario','2024-02-28 23:33:35','2024-02-28 23:33:35'),(328,1,3,5,9,34,8,'Ordinario','2024-02-28 23:33:35','2024-02-28 23:33:35'),(329,1,3,5,9,35,8,'Ordinario','2024-02-28 23:33:35','2024-02-28 23:33:35'),(330,1,3,5,9,36,6,'Ordinario','2024-02-28 23:33:35','2024-02-28 23:33:35'),(331,1,3,5,9,37,9,'Ordinario','2024-02-28 23:33:35','2024-02-28 23:33:35'),(332,1,3,5,9,38,9,'Ordinario','2024-02-28 23:33:35','2024-02-28 23:33:35'),(333,1,3,5,9,39,8,'Ordinario','2024-02-28 23:33:35','2024-02-28 23:33:35'),(334,1,3,5,9,40,6,'Ordinario','2024-02-28 23:33:35','2024-02-28 23:33:35'),(335,1,3,5,9,41,8,'Ordinario','2024-02-28 23:33:35','2024-02-28 23:33:35'),(336,1,3,5,9,42,10,'Ordinario','2024-02-28 23:33:35','2024-02-28 23:33:35'),(337,1,3,5,9,43,9,'Ordinario','2024-02-28 23:33:35','2024-02-28 23:33:35'),(338,1,3,5,9,44,10,'Ordinario','2024-02-28 23:33:35','2024-02-28 23:33:35'),(339,1,3,5,9,45,10,'Ordinario','2024-02-28 23:33:35','2024-02-28 23:33:35'),(340,1,3,5,9,46,9,'Ordinario','2024-02-28 23:33:35','2024-02-28 23:33:35'),(341,1,3,5,9,47,9,'Ordinario','2024-02-28 23:33:35','2024-02-28 23:33:35'),(342,1,3,5,9,48,8,'Ordinario','2024-02-28 23:33:35','2024-02-28 23:33:35'),(343,1,3,5,9,49,8,'Ordinario','2024-02-28 23:33:35','2024-02-28 23:33:35'),(344,1,3,5,9,50,9,'Ordinario','2024-02-28 23:33:35','2024-02-28 23:33:35'),(345,1,3,5,9,51,8,'Ordinario','2024-02-28 23:33:35','2024-02-28 23:33:35'),(346,1,3,5,9,52,7,'Ordinario','2024-02-28 23:33:35','2024-02-28 23:33:35'),(347,1,3,5,9,53,8,'Ordinario','2024-02-28 23:33:35','2024-02-28 23:33:35'),(348,1,3,5,9,54,9,'Ordinario','2024-02-28 23:33:35','2024-02-28 23:33:35'),(349,1,3,5,9,55,7,'Ordinario','2024-02-28 23:33:35','2024-02-28 23:33:35'),(350,1,3,5,9,56,8,'Ordinario','2024-02-28 23:33:35','2024-02-28 23:33:35'),(351,1,3,5,9,57,7,'Ordinario','2024-02-28 23:33:35','2024-02-28 23:33:35'),(352,1,3,5,9,58,8,'Ordinario','2024-02-28 23:33:35','2024-02-28 23:33:35'),(353,1,3,5,9,59,9,'Ordinario','2024-02-28 23:33:35','2024-02-28 23:33:35'),(354,1,3,5,9,60,6,'Ordinario','2024-02-28 23:33:35','2024-02-28 23:33:35'),(355,1,3,5,9,61,7,'Ordinario','2024-02-28 23:33:35','2024-02-28 23:33:35'),(356,1,3,5,9,62,10,'Ordinario','2024-02-28 23:33:35','2024-02-28 23:33:35'),(357,1,3,5,9,63,9,'Ordinario','2024-02-28 23:33:35','2024-02-28 23:33:35'),(358,1,3,5,9,64,8,'Ordinario','2024-02-28 23:33:35','2024-02-28 23:33:35'),(359,1,3,5,9,65,7,'Ordinario','2024-02-28 23:33:35','2024-02-28 23:33:35'),(360,1,3,5,9,67,8,'Recursamiento','2024-02-28 23:33:35','2024-02-28 23:33:35'),(361,1,4,1,6,68,9,'Ordinario','2024-02-28 23:33:35','2024-02-28 23:33:35'),(362,1,4,1,6,69,10,'Ordinario','2024-02-28 23:33:35','2024-02-28 23:33:35'),(363,1,4,1,6,70,9,'Ordinario','2024-02-28 23:33:35','2024-02-28 23:33:35'),(364,1,4,1,6,71,10,'Ordinario','2024-02-28 23:33:35','2024-02-28 23:33:35'),(365,1,4,1,6,72,9,'Ordinario','2024-02-28 23:33:35','2024-02-28 23:33:35'),(366,1,4,1,6,73,9,'Ordinario','2024-02-28 23:33:35','2024-02-28 23:33:35'),(367,1,4,1,6,74,10,'Ordinario','2024-02-28 23:33:35','2024-02-28 23:33:35'),(368,1,4,1,6,75,9,'Ordinario','2024-02-28 23:33:35','2024-02-28 23:33:35'),(369,1,4,1,6,76,8,'Ordinario','2024-02-28 23:33:35','2024-02-28 23:33:35'),(370,1,4,1,6,77,10,'Ordinario','2024-02-28 23:33:35','2024-02-28 23:33:35'),(371,1,4,1,6,78,10,'Ordinario','2024-02-28 23:33:35','2024-02-28 23:33:35'),(372,1,4,1,6,79,10,'Ordinario','2024-02-28 23:33:35','2024-02-28 23:33:35'),(373,1,4,1,6,80,10,'Ordinario','2024-02-28 23:33:35','2024-02-28 23:33:35'),(374,1,4,1,6,81,9,'Ordinario','2024-02-28 23:33:35','2024-02-28 23:33:35'),(375,1,4,1,6,82,9,'Ordinario','2024-02-28 23:33:35','2024-02-28 23:33:35'),(376,1,4,1,6,83,9,'Ordinario','2024-02-28 23:33:35','2024-02-28 23:33:35'),(377,1,4,1,6,84,9,'Ordinario','2024-02-28 23:33:35','2024-02-28 23:33:35'),(378,1,4,1,6,85,10,'Ordinario','2024-02-28 23:33:35','2024-02-28 23:33:35'),(379,1,4,1,6,86,9,'Ordinario','2024-02-28 23:33:35','2024-02-28 23:33:35'),(380,1,4,1,6,87,9,'Ordinario','2024-02-28 23:33:35','2024-02-28 23:33:35'),(381,1,4,1,6,88,8,'Ordinario','2024-02-28 23:33:35','2024-02-28 23:33:35'),(382,1,4,1,6,89,10,'Ordinario','2024-02-28 23:33:35','2024-02-28 23:33:35'),(383,1,4,1,6,90,10,'Ordinario','2024-02-28 23:33:35','2024-02-28 23:33:35'),(384,1,4,1,6,91,10,'Ordinario','2024-02-28 23:33:35','2024-02-28 23:33:35'),(385,1,4,1,6,92,10,'Ordinario','2024-02-28 23:33:35','2024-02-28 23:33:35'),(386,1,4,1,6,93,9,'Ordinario','2024-02-28 23:33:35','2024-02-28 23:33:35'),(387,1,4,2,10,68,0,'Ordinario','2024-02-28 23:33:35','2024-02-28 23:33:35'),(388,1,4,2,10,69,6,'Ordinario','2024-02-28 23:33:35','2024-02-28 23:33:35'),(389,1,4,2,10,70,6,'Ordinario','2024-02-28 23:33:35','2024-02-28 23:33:35'),(390,1,4,2,10,71,6,'Ordinario','2024-02-28 23:33:35','2024-02-28 23:33:35'),(391,1,4,2,10,72,6,'Ordinario','2024-02-28 23:33:35','2024-02-28 23:33:35'),(392,1,4,2,10,73,6,'Ordinario','2024-02-28 23:33:35','2024-02-28 23:33:35'),(393,1,4,2,10,74,6,'Ordinario','2024-02-28 23:33:35','2024-02-28 23:33:35'),(394,1,4,2,10,75,6,'Ordinario','2024-02-28 23:33:35','2024-02-28 23:33:35'),(395,1,4,2,10,76,7,'Ordinario','2024-02-28 23:33:35','2024-02-28 23:33:35'),(396,1,4,2,10,77,6,'Ordinario','2024-02-28 23:33:35','2024-02-28 23:33:35'),(397,1,4,2,10,78,6,'Ordinario','2024-02-28 23:33:35','2024-02-28 23:33:35'),(398,1,4,2,10,79,6,'Ordinario','2024-02-28 23:33:35','2024-02-28 23:33:35'),(399,1,4,2,10,80,6,'Ordinario','2024-02-28 23:33:35','2024-02-28 23:33:35'),(400,1,4,2,10,81,8,'Ordinario','2024-02-28 23:33:35','2024-02-28 23:33:35'),(401,1,4,2,10,82,0,'Ordinario','2024-02-28 23:33:35','2024-02-28 23:33:35'),(402,1,4,2,10,83,6,'Ordinario','2024-02-28 23:33:35','2024-02-28 23:33:35'),(403,1,4,2,10,84,6,'Ordinario','2024-02-28 23:33:35','2024-02-28 23:33:35'),(404,1,4,2,10,85,6,'Ordinario','2024-02-28 23:33:35','2024-02-28 23:33:35'),(405,1,4,2,10,86,7,'Ordinario','2024-02-28 23:33:35','2024-02-28 23:33:35'),(406,1,4,2,10,87,6,'Ordinario','2024-02-28 23:33:35','2024-02-28 23:33:35'),(407,1,4,2,10,88,6,'Ordinario','2024-02-28 23:33:35','2024-02-28 23:33:35'),(408,1,4,2,10,89,6,'Ordinario','2024-02-28 23:33:35','2024-02-28 23:33:35'),(409,1,4,2,10,90,6,'Ordinario','2024-02-28 23:33:35','2024-02-28 23:33:35'),(410,1,4,2,10,91,8,'Ordinario','2024-02-28 23:33:35','2024-02-28 23:33:35'),(411,1,4,2,10,92,6,'Ordinario','2024-02-28 23:33:35','2024-02-28 23:33:35'),(412,1,4,2,10,93,6,'Ordinario','2024-02-28 23:33:35','2024-02-28 23:33:35'),(413,1,4,3,3,68,7,'Ordinario','2024-02-28 23:33:35','2024-02-28 23:33:35'),(414,1,4,3,3,69,9,'Ordinario','2024-02-28 23:33:35','2024-02-28 23:33:35'),(415,1,4,3,3,70,8,'Ordinario','2024-02-28 23:33:35','2024-02-28 23:33:35'),(416,1,4,3,3,71,9,'Ordinario','2024-02-28 23:33:35','2024-02-28 23:33:35'),(417,1,4,3,3,72,8,'Ordinario','2024-02-28 23:33:35','2024-02-28 23:33:35'),(418,1,4,3,3,73,9,'Ordinario','2024-02-28 23:33:35','2024-02-28 23:33:35'),(419,1,4,3,3,74,9,'Ordinario','2024-02-28 23:33:35','2024-02-28 23:33:35'),(420,1,4,3,3,75,9,'Ordinario','2024-02-28 23:33:35','2024-02-28 23:33:35'),(421,1,4,3,3,76,9,'Ordinario','2024-02-28 23:33:35','2024-02-28 23:33:35'),(422,1,4,3,3,77,9,'Ordinario','2024-02-28 23:33:35','2024-02-28 23:33:35'),(423,1,4,3,3,78,9,'Ordinario','2024-02-28 23:33:35','2024-02-28 23:33:35'),(424,1,4,3,3,79,9,'Ordinario','2024-02-28 23:33:35','2024-02-28 23:33:35'),(425,1,4,3,3,80,9,'Ordinario','2024-02-28 23:33:35','2024-02-28 23:33:35'),(426,1,4,3,3,81,10,'Ordinario','2024-02-28 23:33:35','2024-02-28 23:33:35'),(427,1,4,3,3,82,6,'Ordinario','2024-02-28 23:33:35','2024-02-28 23:33:35'),(428,1,4,3,3,83,8,'Ordinario','2024-02-28 23:33:35','2024-02-28 23:33:35'),(429,1,4,3,3,84,7,'Ordinario','2024-02-28 23:33:35','2024-02-28 23:33:35'),(430,1,4,3,3,85,8,'Ordinario','2024-02-28 23:33:35','2024-02-28 23:33:35'),(431,1,4,3,3,86,9,'Ordinario','2024-02-28 23:33:35','2024-02-28 23:33:35'),(432,1,4,3,3,87,9,'Ordinario','2024-02-28 23:33:35','2024-02-28 23:33:35'),(433,1,4,3,3,88,9,'Ordinario','2024-02-28 23:33:35','2024-02-28 23:33:35'),(434,1,4,3,3,89,8,'Ordinario','2024-02-28 23:33:35','2024-02-28 23:33:35'),(435,1,4,3,3,90,9,'Ordinario','2024-02-28 23:33:35','2024-02-28 23:33:35'),(436,1,4,3,3,91,9,'Ordinario','2024-02-28 23:33:35','2024-02-28 23:33:35'),(437,1,4,3,3,92,9,'Ordinario','2024-02-28 23:33:35','2024-02-28 23:33:35'),(438,1,4,3,3,93,7,'Ordinario','2024-02-28 23:33:35','2024-02-28 23:33:35'),(439,1,4,6,11,68,3,'Ordinario','2024-02-28 23:33:35','2024-02-28 23:33:35'),(440,1,4,6,11,69,8,'Ordinario','2024-02-28 23:33:35','2024-02-28 23:33:35'),(441,1,4,6,11,70,8,'Ordinario','2024-02-28 23:33:35','2024-02-28 23:33:35'),(442,1,4,6,11,71,9,'Ordinario','2024-02-28 23:33:35','2024-02-28 23:33:35'),(443,1,4,6,11,72,6,'Ordinario','2024-02-28 23:33:35','2024-02-28 23:33:35'),(444,1,4,6,11,73,3,'Ordinario','2024-02-28 23:33:35','2024-02-28 23:33:35'),(445,1,4,6,11,74,7,'Ordinario','2024-02-28 23:33:35','2024-02-28 23:33:35'),(446,1,4,6,11,75,8,'Ordinario','2024-02-28 23:33:35','2024-02-28 23:33:35'),(447,1,4,6,11,76,8,'Ordinario','2024-02-28 23:33:35','2024-02-28 23:33:35'),(448,1,4,6,11,77,7,'Ordinario','2024-02-28 23:33:35','2024-02-28 23:33:35'),(449,1,4,6,11,78,8,'Ordinario','2024-02-28 23:33:35','2024-02-28 23:33:35'),(450,1,4,6,11,79,9,'Ordinario','2024-02-28 23:33:35','2024-02-28 23:33:35'),(451,1,4,6,11,80,8,'Ordinario','2024-02-28 23:33:35','2024-02-28 23:33:35'),(452,1,4,6,11,81,9,'Ordinario','2024-02-28 23:33:35','2024-02-28 23:33:35'),(453,1,4,6,11,82,4,'Ordinario','2024-02-28 23:33:35','2024-02-28 23:33:35'),(454,1,4,6,11,83,6,'Ordinario','2024-02-28 23:33:35','2024-02-28 23:33:35'),(455,1,4,6,11,84,3,'Ordinario','2024-02-28 23:33:35','2024-02-28 23:33:35'),(456,1,4,6,11,85,6,'Ordinario','2024-02-28 23:33:35','2024-02-28 23:33:35'),(457,1,4,6,11,86,5,'Ordinario','2024-02-28 23:33:35','2024-02-28 23:33:35'),(458,1,4,6,11,87,6,'Ordinario','2024-02-28 23:33:35','2024-02-28 23:33:35'),(459,1,4,6,11,88,7,'Ordinario','2024-02-28 23:33:35','2024-02-28 23:33:35'),(460,1,4,6,11,89,8,'Ordinario','2024-02-28 23:33:35','2024-02-28 23:33:35'),(461,1,4,6,11,90,8,'Ordinario','2024-02-28 23:33:35','2024-02-28 23:33:35'),(462,1,4,6,11,91,8,'Ordinario','2024-02-28 23:33:35','2024-02-28 23:33:35'),(463,1,4,6,11,92,8,'Ordinario','2024-02-28 23:33:35','2024-02-28 23:33:35'),(464,1,4,6,11,93,2,'Ordinario','2024-02-28 23:33:35','2024-02-28 23:33:35'),(465,1,4,6,11,94,7,'Recursamiento','2024-02-28 23:33:35','2024-02-28 23:33:35'),(466,1,4,4,12,68,10,'Ordinario','2024-02-28 23:33:35','2024-02-28 23:33:35'),(467,1,4,4,12,69,10,'Ordinario','2024-02-28 23:33:35','2024-02-28 23:33:35'),(468,1,4,4,12,70,10,'Ordinario','2024-02-28 23:33:35','2024-02-28 23:33:35'),(469,1,4,4,12,71,10,'Ordinario','2024-02-28 23:33:35','2024-02-28 23:33:35'),(470,1,4,4,12,72,10,'Ordinario','2024-02-28 23:33:35','2024-02-28 23:33:35'),(471,1,4,4,12,73,10,'Ordinario','2024-02-28 23:33:35','2024-02-28 23:33:35'),(472,1,4,4,12,74,10,'Ordinario','2024-02-28 23:33:35','2024-02-28 23:33:35'),(473,1,4,4,12,75,10,'Ordinario','2024-02-28 23:33:35','2024-02-28 23:33:35'),(474,1,4,4,12,76,9,'Ordinario','2024-02-28 23:33:35','2024-02-28 23:33:35'),(475,1,4,4,12,77,10,'Ordinario','2024-02-28 23:33:35','2024-02-28 23:33:35'),(476,1,4,4,12,78,10,'Ordinario','2024-02-28 23:33:35','2024-02-28 23:33:35'),(477,1,4,4,12,79,10,'Ordinario','2024-02-28 23:33:35','2024-02-28 23:33:35'),(478,1,4,4,12,80,10,'Ordinario','2024-02-28 23:33:35','2024-02-28 23:33:35'),(479,1,4,4,12,81,10,'Ordinario','2024-02-28 23:33:35','2024-02-28 23:33:35'),(480,1,4,4,12,82,6,'Ordinario','2024-02-28 23:33:35','2024-02-28 23:33:35'),(481,1,4,4,12,83,10,'Ordinario','2024-02-28 23:33:35','2024-02-28 23:33:35'),(482,1,4,4,12,84,10,'Ordinario','2024-02-28 23:33:35','2024-02-28 23:33:35'),(483,1,4,4,12,85,9,'Ordinario','2024-02-28 23:33:35','2024-02-28 23:33:35'),(484,1,4,4,12,86,9,'Ordinario','2024-02-28 23:33:35','2024-02-28 23:33:35'),(485,1,4,4,12,87,10,'Ordinario','2024-02-28 23:33:35','2024-02-28 23:33:35'),(486,1,4,4,12,88,9,'Ordinario','2024-02-28 23:33:35','2024-02-28 23:33:35'),(487,1,4,4,12,89,9,'Ordinario','2024-02-28 23:33:35','2024-02-28 23:33:35'),(488,1,4,4,12,90,10,'Ordinario','2024-02-28 23:33:35','2024-02-28 23:33:35'),(489,1,4,4,12,91,10,'Ordinario','2024-02-28 23:33:35','2024-02-28 23:33:35'),(490,1,4,4,12,92,10,'Ordinario','2024-02-28 23:33:35','2024-02-28 23:33:35'),(491,1,4,4,12,95,9,'Recursamiento','2024-02-28 23:33:35','2024-02-28 23:33:35'),(492,1,4,4,12,96,8,'Recursamiento','2024-02-28 23:33:35','2024-02-28 23:33:35'),(493,1,4,4,12,93,8,'Ordinario','2024-02-28 23:33:35','2024-02-28 23:33:35'),(494,1,4,5,5,68,3,'Ordinario','2024-02-28 23:33:35','2024-02-28 23:33:35'),(495,1,4,5,5,69,8,'Ordinario','2024-02-28 23:33:35','2024-02-28 23:33:35'),(496,1,4,5,5,70,6,'Ordinario','2024-02-28 23:33:35','2024-02-28 23:33:35'),(497,1,4,5,5,71,7,'Ordinario','2024-02-28 23:33:35','2024-02-28 23:33:35'),(498,1,4,5,5,72,6,'Ordinario','2024-02-28 23:33:35','2024-02-28 23:33:35'),(499,1,4,5,5,73,3,'Ordinario','2024-02-28 23:33:35','2024-02-28 23:33:35'),(500,1,4,5,5,74,7,'Ordinario','2024-02-28 23:33:35','2024-02-28 23:33:35'),(501,1,4,5,5,75,7,'Ordinario','2024-02-28 23:33:36','2024-02-28 23:33:36'),(502,1,4,5,5,76,7,'Ordinario','2024-02-28 23:33:36','2024-02-28 23:33:36'),(503,1,4,5,5,77,7,'Ordinario','2024-02-28 23:33:36','2024-02-28 23:33:36'),(504,1,4,5,5,78,8,'Ordinario','2024-02-28 23:33:36','2024-02-28 23:33:36'),(505,1,4,5,5,79,6,'Ordinario','2024-02-28 23:33:36','2024-02-28 23:33:36'),(506,1,4,5,5,80,5,'Ordinario','2024-02-28 23:33:36','2024-02-28 23:33:36'),(507,1,4,5,5,81,8,'Ordinario','2024-02-28 23:33:36','2024-02-28 23:33:36'),(508,1,4,5,5,82,3,'Ordinario','2024-02-28 23:33:36','2024-02-28 23:33:36'),(509,1,4,5,5,83,6,'Ordinario','2024-02-28 23:33:36','2024-02-28 23:33:36'),(510,1,4,5,5,84,3,'Ordinario','2024-02-28 23:33:36','2024-02-28 23:33:36'),(511,1,4,5,5,85,6,'Ordinario','2024-02-28 23:33:36','2024-02-28 23:33:36'),(512,1,4,5,5,86,4,'Ordinario','2024-02-28 23:33:36','2024-02-28 23:33:36'),(513,1,4,5,5,87,4,'Ordinario','2024-02-28 23:33:36','2024-02-28 23:33:36'),(514,1,4,5,5,88,6,'Ordinario','2024-02-28 23:33:36','2024-02-28 23:33:36'),(515,1,4,5,5,89,6,'Ordinario','2024-02-28 23:33:36','2024-02-28 23:33:36'),(516,1,4,5,5,90,6,'Ordinario','2024-02-28 23:33:36','2024-02-28 23:33:36'),(517,1,4,5,5,91,8,'Ordinario','2024-02-28 23:33:36','2024-02-28 23:33:36'),(518,1,4,5,5,92,7,'Ordinario','2024-02-28 23:33:36','2024-02-28 23:33:36'),(519,1,4,5,5,93,3,'Ordinario','2024-02-28 23:33:36','2024-02-28 23:33:36'),(520,1,5,1,6,97,8,'Ordinario','2024-02-28 23:33:36','2024-02-28 23:33:36'),(521,1,5,1,6,98,8,'Ordinario','2024-02-28 23:33:36','2024-02-28 23:33:36'),(522,1,5,1,6,99,8,'Ordinario','2024-02-28 23:33:36','2024-02-28 23:33:36'),(523,1,5,1,6,100,8,'Ordinario','2024-02-28 23:33:36','2024-02-28 23:33:36'),(524,1,5,1,6,101,9,'Ordinario','2024-02-28 23:33:36','2024-02-28 23:33:36'),(525,1,5,1,6,102,9,'Ordinario','2024-02-28 23:33:36','2024-02-28 23:33:36'),(526,1,5,1,6,103,8,'Ordinario','2024-02-28 23:33:36','2024-02-28 23:33:36'),(527,1,5,1,6,104,9,'Ordinario','2024-02-28 23:33:36','2024-02-28 23:33:36'),(528,1,5,1,6,105,9,'Ordinario','2024-02-28 23:33:36','2024-02-28 23:33:36'),(529,1,5,1,6,106,9,'Ordinario','2024-02-28 23:33:36','2024-02-28 23:33:36'),(530,1,5,1,6,107,9,'Ordinario','2024-02-28 23:33:36','2024-02-28 23:33:36'),(531,1,5,1,6,108,8,'Ordinario','2024-02-28 23:33:36','2024-02-28 23:33:36'),(532,1,5,1,6,109,9,'Ordinario','2024-02-28 23:33:36','2024-02-28 23:33:36'),(533,1,5,1,6,110,8,'Ordinario','2024-02-28 23:33:36','2024-02-28 23:33:36'),(534,1,5,1,6,111,9,'Ordinario','2024-02-28 23:33:36','2024-02-28 23:33:36'),(535,1,5,1,6,112,8,'Ordinario','2024-02-28 23:33:36','2024-02-28 23:33:36'),(536,1,5,1,6,113,8,'Ordinario','2024-02-28 23:33:36','2024-02-28 23:33:36'),(537,1,5,1,6,114,8,'Ordinario','2024-02-28 23:33:36','2024-02-28 23:33:36'),(538,1,5,1,6,115,8,'Ordinario','2024-02-28 23:33:36','2024-02-28 23:33:36'),(539,1,5,1,6,116,0,'Ordinario','2024-02-28 23:33:36','2024-02-28 23:33:36'),(540,1,5,1,6,117,0,'Ordinario','2024-02-28 23:33:36','2024-02-28 23:33:36'),(541,1,5,2,10,97,6,'Ordinario','2024-02-28 23:33:36','2024-02-28 23:33:36'),(542,1,5,2,10,98,0,'Ordinario','2024-02-28 23:33:36','2024-02-28 23:33:36'),(543,1,5,2,10,99,6,'Ordinario','2024-02-28 23:33:36','2024-02-28 23:33:36'),(544,1,5,2,10,100,6,'Ordinario','2024-02-28 23:33:36','2024-02-28 23:33:36'),(545,1,5,2,10,101,6,'Ordinario','2024-02-28 23:33:36','2024-02-28 23:33:36'),(546,1,5,2,10,102,6,'Ordinario','2024-02-28 23:33:36','2024-02-28 23:33:36'),(547,1,5,2,10,103,0,'Ordinario','2024-02-28 23:33:36','2024-02-28 23:33:36'),(548,1,5,2,10,104,6,'Ordinario','2024-02-28 23:33:36','2024-02-28 23:33:36'),(549,1,5,2,10,105,6,'Ordinario','2024-02-28 23:33:36','2024-02-28 23:33:36'),(550,1,5,2,10,106,6,'Ordinario','2024-02-28 23:33:36','2024-02-28 23:33:36'),(551,1,5,2,10,107,6,'Ordinario','2024-02-28 23:33:36','2024-02-28 23:33:36'),(552,1,5,2,10,108,6,'Ordinario','2024-02-28 23:33:36','2024-02-28 23:33:36'),(553,1,5,2,10,109,6,'Ordinario','2024-02-28 23:33:36','2024-02-28 23:33:36'),(554,1,5,2,10,110,6,'Ordinario','2024-02-28 23:33:36','2024-02-28 23:33:36'),(555,1,5,2,10,111,6,'Ordinario','2024-02-28 23:33:36','2024-02-28 23:33:36'),(556,1,5,2,10,112,6,'Ordinario','2024-02-28 23:33:36','2024-02-28 23:33:36'),(557,1,5,2,10,113,6,'Ordinario','2024-02-28 23:33:36','2024-02-28 23:33:36'),(558,1,5,2,10,114,6,'Ordinario','2024-02-28 23:33:36','2024-02-28 23:33:36'),(559,1,5,2,10,115,6,'Ordinario','2024-02-28 23:33:36','2024-02-28 23:33:36'),(560,1,5,2,10,116,0,'Ordinario','2024-02-28 23:33:36','2024-02-28 23:33:36'),(561,1,5,2,10,117,0,'Ordinario','2024-02-28 23:33:36','2024-02-28 23:33:36'),(562,1,5,6,8,97,6,'Ordinario','2024-02-28 23:33:36','2024-02-28 23:33:36'),(563,1,5,6,8,98,9,'Ordinario','2024-02-28 23:33:36','2024-02-28 23:33:36'),(564,1,5,6,8,99,7,'Ordinario','2024-02-28 23:33:36','2024-02-28 23:33:36'),(565,1,5,6,8,100,9,'Ordinario','2024-02-28 23:33:36','2024-02-28 23:33:36'),(566,1,5,6,8,101,9,'Ordinario','2024-02-28 23:33:36','2024-02-28 23:33:36'),(567,1,5,6,8,102,8,'Ordinario','2024-02-28 23:33:36','2024-02-28 23:33:36'),(568,1,5,6,8,103,8,'Ordinario','2024-02-28 23:33:36','2024-02-28 23:33:36'),(569,1,5,6,8,104,7,'Ordinario','2024-02-28 23:33:36','2024-02-28 23:33:36'),(570,1,5,6,8,105,6,'Ordinario','2024-02-28 23:33:36','2024-02-28 23:33:36'),(571,1,5,6,8,106,9,'Ordinario','2024-02-28 23:33:36','2024-02-28 23:33:36'),(572,1,5,6,8,107,8,'Ordinario','2024-02-28 23:33:36','2024-02-28 23:33:36'),(573,1,5,6,8,108,7,'Ordinario','2024-02-28 23:33:36','2024-02-28 23:33:36'),(574,1,5,6,8,109,10,'Ordinario','2024-02-28 23:33:36','2024-02-28 23:33:36'),(575,1,5,6,8,110,8,'Ordinario','2024-02-28 23:33:36','2024-02-28 23:33:36'),(576,1,5,6,8,111,8,'Ordinario','2024-02-28 23:33:36','2024-02-28 23:33:36'),(577,1,5,6,8,112,8,'Ordinario','2024-02-28 23:33:36','2024-02-28 23:33:36'),(578,1,5,6,8,113,8,'Ordinario','2024-02-28 23:33:36','2024-02-28 23:33:36'),(579,1,5,6,8,114,5,'Ordinario','2024-02-28 23:33:36','2024-02-28 23:33:36'),(580,1,5,6,8,115,8,'Ordinario','2024-02-28 23:33:36','2024-02-28 23:33:36'),(581,1,5,6,8,116,0,'Ordinario','2024-02-28 23:33:36','2024-02-28 23:33:36'),(582,1,5,6,8,117,0,'Ordinario','2024-02-28 23:33:36','2024-02-28 23:33:36'),(583,1,5,4,13,97,7,'Ordinario','2024-02-28 23:33:36','2024-02-28 23:33:36'),(584,1,5,4,13,98,9,'Ordinario','2024-02-28 23:33:36','2024-02-28 23:33:36'),(585,1,5,4,13,99,9,'Ordinario','2024-02-28 23:33:36','2024-02-28 23:33:36'),(586,1,5,4,13,100,9,'Ordinario','2024-02-28 23:33:36','2024-02-28 23:33:36'),(587,1,5,4,13,101,7,'Ordinario','2024-02-28 23:33:36','2024-02-28 23:33:36'),(588,1,5,4,13,102,7,'Ordinario','2024-02-28 23:33:36','2024-02-28 23:33:36'),(589,1,5,4,13,103,8,'Ordinario','2024-02-28 23:33:36','2024-02-28 23:33:36'),(590,1,5,4,13,104,7,'Ordinario','2024-02-28 23:33:36','2024-02-28 23:33:36'),(591,1,5,4,13,105,8,'Ordinario','2024-02-28 23:33:36','2024-02-28 23:33:36'),(592,1,5,4,13,106,10,'Ordinario','2024-02-28 23:33:36','2024-02-28 23:33:36'),(593,1,5,4,13,107,9,'Ordinario','2024-02-28 23:33:36','2024-02-28 23:33:36'),(594,1,5,4,13,108,8,'Ordinario','2024-02-28 23:33:36','2024-02-28 23:33:36'),(595,1,5,4,13,109,9,'Ordinario','2024-02-28 23:33:36','2024-02-28 23:33:36'),(596,1,5,4,13,110,8,'Ordinario','2024-02-28 23:33:36','2024-02-28 23:33:36'),(597,1,5,4,13,111,9,'Ordinario','2024-02-28 23:33:36','2024-02-28 23:33:36'),(598,1,5,4,13,112,7,'Ordinario','2024-02-28 23:33:36','2024-02-28 23:33:36'),(599,1,5,4,13,113,8,'Ordinario','2024-02-28 23:33:36','2024-02-28 23:33:36'),(600,1,5,4,13,114,7,'Ordinario','2024-02-28 23:33:36','2024-02-28 23:33:36'),(601,1,5,4,13,115,8,'Ordinario','2024-02-28 23:33:36','2024-02-28 23:33:36'),(602,1,5,4,13,116,0,'Ordinario','2024-02-28 23:33:36','2024-02-28 23:33:36'),(603,1,5,4,13,117,0,'Ordinario','2024-02-28 23:33:36','2024-02-28 23:33:36'),(604,1,5,5,9,97,7,'Ordinario','2024-02-28 23:33:36','2024-02-28 23:33:36'),(605,1,5,5,9,98,8,'Ordinario','2024-02-28 23:33:36','2024-02-28 23:33:36'),(606,1,5,5,9,99,8,'Ordinario','2024-02-28 23:33:36','2024-02-28 23:33:36'),(607,1,5,5,9,100,8,'Ordinario','2024-02-28 23:33:36','2024-02-28 23:33:36'),(608,1,5,5,9,101,8,'Ordinario','2024-02-28 23:33:36','2024-02-28 23:33:36'),(609,1,5,5,9,102,8,'Ordinario','2024-02-28 23:33:36','2024-02-28 23:33:36'),(610,1,5,5,9,103,9,'Ordinario','2024-02-28 23:33:36','2024-02-28 23:33:36'),(611,1,5,5,9,104,7,'Ordinario','2024-02-28 23:33:36','2024-02-28 23:33:36'),(612,1,5,5,9,105,6,'Ordinario','2024-02-28 23:33:36','2024-02-28 23:33:36'),(613,1,5,5,9,106,7,'Ordinario','2024-02-28 23:33:36','2024-02-28 23:33:36'),(614,1,5,5,9,107,8,'Ordinario','2024-02-28 23:33:36','2024-02-28 23:33:36'),(615,1,5,5,9,108,7,'Ordinario','2024-02-28 23:33:36','2024-02-28 23:33:36'),(616,1,5,5,9,109,9,'Ordinario','2024-02-28 23:33:36','2024-02-28 23:33:36'),(617,1,5,5,9,110,7,'Ordinario','2024-02-28 23:33:36','2024-02-28 23:33:36'),(618,1,5,5,9,111,8,'Ordinario','2024-02-28 23:33:36','2024-02-28 23:33:36'),(619,1,5,5,9,112,7,'Ordinario','2024-02-28 23:33:36','2024-02-28 23:33:36'),(620,1,5,5,9,113,7,'Ordinario','2024-02-28 23:33:36','2024-02-28 23:33:36'),(621,1,5,5,9,114,6,'Ordinario','2024-02-28 23:33:36','2024-02-28 23:33:36'),(622,1,5,5,9,115,7,'Ordinario','2024-02-28 23:33:36','2024-02-28 23:33:36'),(623,1,5,5,9,116,0,'Ordinario','2024-02-28 23:33:36','2024-02-28 23:33:36'),(624,1,5,5,9,117,0,'Ordinario','2024-02-28 23:33:36','2024-02-28 23:33:36'),(625,1,6,7,14,118,9,'Ordinario','2024-02-28 23:33:36','2024-02-28 23:33:36'),(626,1,6,7,14,119,9,'Ordinario','2024-02-28 23:33:36','2024-02-28 23:33:36'),(627,1,6,7,14,120,10,'Ordinario','2024-02-28 23:33:36','2024-02-28 23:33:36'),(628,1,6,7,14,121,10,'Ordinario','2024-02-28 23:33:36','2024-02-28 23:33:36'),(629,1,6,7,14,122,10,'Ordinario','2024-02-28 23:33:36','2024-02-28 23:33:36'),(630,1,6,7,14,123,9,'Ordinario','2024-02-28 23:33:36','2024-02-28 23:33:36'),(631,1,6,7,14,124,9,'Ordinario','2024-02-28 23:33:36','2024-02-28 23:33:36'),(632,1,6,7,14,125,10,'Ordinario','2024-02-28 23:33:36','2024-02-28 23:33:36'),(633,1,6,7,14,126,9,'Ordinario','2024-02-28 23:33:36','2024-02-28 23:33:36'),(634,1,6,7,14,127,10,'Ordinario','2024-02-28 23:33:36','2024-02-28 23:33:36'),(635,1,6,7,14,128,9,'Ordinario','2024-02-28 23:33:36','2024-02-28 23:33:36'),(636,1,6,7,14,129,8,'Ordinario','2024-02-28 23:33:36','2024-02-28 23:33:36'),(637,1,6,7,14,94,10,'Ordinario','2024-02-28 23:33:36','2024-02-28 23:33:36'),(638,1,6,7,14,130,10,'Ordinario','2024-02-28 23:33:36','2024-02-28 23:33:36'),(639,1,6,7,14,131,10,'Ordinario','2024-02-28 23:33:36','2024-02-28 23:33:36'),(640,1,6,7,14,132,10,'Ordinario','2024-02-28 23:33:36','2024-02-28 23:33:36'),(641,1,6,7,14,95,10,'Ordinario','2024-02-28 23:33:36','2024-02-28 23:33:36'),(642,1,6,7,14,133,10,'Ordinario','2024-02-28 23:33:36','2024-02-28 23:33:36'),(643,1,6,7,14,134,9,'Ordinario','2024-02-28 23:33:36','2024-02-28 23:33:36'),(644,1,6,7,14,135,10,'Ordinario','2024-02-28 23:33:36','2024-02-28 23:33:36'),(645,1,6,7,14,136,9,'Ordinario','2024-02-28 23:33:36','2024-02-28 23:33:36'),(646,1,6,7,14,137,9,'Ordinario','2024-02-28 23:33:36','2024-02-28 23:33:36'),(647,1,6,7,14,138,9,'Ordinario','2024-02-28 23:33:36','2024-02-28 23:33:36'),(648,1,6,7,14,139,10,'Ordinario','2024-02-28 23:33:36','2024-02-28 23:33:36'),(649,1,6,7,14,140,10,'Ordinario','2024-02-28 23:33:36','2024-02-28 23:33:36'),(650,1,6,7,14,141,10,'Ordinario','2024-02-28 23:33:36','2024-02-28 23:33:36'),(651,1,6,7,14,142,10,'Ordinario','2024-02-28 23:33:36','2024-02-28 23:33:36'),(652,1,6,7,14,143,10,'Ordinario','2024-02-28 23:33:36','2024-02-28 23:33:36'),(653,1,6,7,14,144,10,'Ordinario','2024-02-28 23:33:36','2024-02-28 23:33:36'),(654,1,6,7,14,96,10,'Ordinario','2024-02-28 23:33:36','2024-02-28 23:33:36'),(655,1,6,8,15,118,8,'Ordinario','2024-02-28 23:33:36','2024-02-28 23:33:36'),(656,1,6,8,15,119,8,'Ordinario','2024-02-28 23:33:36','2024-02-28 23:33:36'),(657,1,6,8,15,120,8,'Ordinario','2024-02-28 23:33:36','2024-02-28 23:33:36'),(658,1,6,8,15,121,9,'Ordinario','2024-02-28 23:33:36','2024-02-28 23:33:36'),(659,1,6,8,15,122,10,'Ordinario','2024-02-28 23:33:36','2024-02-28 23:33:36'),(660,1,6,8,15,123,8,'Ordinario','2024-02-28 23:33:36','2024-02-28 23:33:36'),(661,1,6,8,15,124,8,'Ordinario','2024-02-28 23:33:36','2024-02-28 23:33:36'),(662,1,6,8,15,125,8,'Ordinario','2024-02-28 23:33:36','2024-02-28 23:33:36'),(663,1,6,8,15,126,8,'Ordinario','2024-02-28 23:33:36','2024-02-28 23:33:36'),(664,1,6,8,15,127,6,'Ordinario','2024-02-28 23:33:36','2024-02-28 23:33:36'),(665,1,6,8,15,128,7,'Ordinario','2024-02-28 23:33:36','2024-02-28 23:33:36'),(666,1,6,8,15,129,8,'Ordinario','2024-02-28 23:33:36','2024-02-28 23:33:36'),(667,1,6,8,15,94,9,'Ordinario','2024-02-28 23:33:36','2024-02-28 23:33:36'),(668,1,6,8,15,130,7,'Ordinario','2024-02-28 23:33:36','2024-02-28 23:33:36'),(669,1,6,8,15,131,8,'Ordinario','2024-02-28 23:33:36','2024-02-28 23:33:36'),(670,1,6,8,15,132,8,'Ordinario','2024-02-28 23:33:36','2024-02-28 23:33:36'),(671,1,6,8,15,95,8,'Ordinario','2024-02-28 23:33:36','2024-02-28 23:33:36'),(672,1,6,8,15,133,8,'Ordinario','2024-02-28 23:33:36','2024-02-28 23:33:36'),(673,1,6,8,15,134,7,'Ordinario','2024-02-28 23:33:36','2024-02-28 23:33:36'),(674,1,6,8,15,135,10,'Ordinario','2024-02-28 23:33:36','2024-02-28 23:33:36'),(675,1,6,8,15,136,7,'Ordinario','2024-02-28 23:33:36','2024-02-28 23:33:36'),(676,1,6,8,15,137,7,'Ordinario','2024-02-28 23:33:36','2024-02-28 23:33:36'),(677,1,6,8,15,138,8,'Ordinario','2024-02-28 23:33:36','2024-02-28 23:33:36'),(678,1,6,8,15,139,9,'Ordinario','2024-02-28 23:33:36','2024-02-28 23:33:36'),(679,1,6,8,15,140,9,'Ordinario','2024-02-28 23:33:36','2024-02-28 23:33:36'),(680,1,6,8,15,141,9,'Ordinario','2024-02-28 23:33:36','2024-02-28 23:33:36'),(681,1,6,8,15,142,8,'Ordinario','2024-02-28 23:33:36','2024-02-28 23:33:36'),(682,1,6,8,15,143,8,'Ordinario','2024-02-28 23:33:36','2024-02-28 23:33:36'),(683,1,6,8,15,144,7,'Ordinario','2024-02-28 23:33:36','2024-02-28 23:33:36'),(684,1,6,8,15,96,8,'Ordinario','2024-02-28 23:33:36','2024-02-28 23:33:36'),(685,1,6,9,7,118,8,'Ordinario','2024-02-28 23:33:36','2024-02-28 23:33:36'),(686,1,6,9,7,119,8,'Ordinario','2024-02-28 23:33:36','2024-02-28 23:33:36'),(687,1,6,9,7,120,9,'Ordinario','2024-02-28 23:33:36','2024-02-28 23:33:36'),(688,1,6,9,7,121,8,'Ordinario','2024-02-28 23:33:36','2024-02-28 23:33:36'),(689,1,6,9,7,122,9,'Ordinario','2024-02-28 23:33:36','2024-02-28 23:33:36'),(690,1,6,9,7,123,9,'Ordinario','2024-02-28 23:33:36','2024-02-28 23:33:36'),(691,1,6,9,7,124,9,'Ordinario','2024-02-28 23:33:36','2024-02-28 23:33:36'),(692,1,6,9,7,125,10,'Ordinario','2024-02-28 23:33:36','2024-02-28 23:33:36'),(693,1,6,9,7,126,8,'Ordinario','2024-02-28 23:33:36','2024-02-28 23:33:36'),(694,1,6,9,7,127,9,'Ordinario','2024-02-28 23:33:36','2024-02-28 23:33:36'),(695,1,6,9,7,128,8,'Ordinario','2024-02-28 23:33:36','2024-02-28 23:33:36'),(696,1,6,9,7,129,8,'Ordinario','2024-02-28 23:33:36','2024-02-28 23:33:36'),(697,1,6,9,7,94,8,'Ordinario','2024-02-28 23:33:36','2024-02-28 23:33:36'),(698,1,6,9,7,130,9,'Ordinario','2024-02-28 23:33:36','2024-02-28 23:33:36'),(699,1,6,9,7,131,8,'Ordinario','2024-02-28 23:33:36','2024-02-28 23:33:36'),(700,1,6,9,7,132,9,'Ordinario','2024-02-28 23:33:36','2024-02-28 23:33:36'),(701,1,6,9,7,95,8,'Ordinario','2024-02-28 23:33:37','2024-02-28 23:33:37'),(702,1,6,9,7,133,9,'Ordinario','2024-02-28 23:33:37','2024-02-28 23:33:37'),(703,1,6,9,7,134,8,'Ordinario','2024-02-28 23:33:37','2024-02-28 23:33:37'),(704,1,6,9,7,135,9,'Ordinario','2024-02-28 23:33:37','2024-02-28 23:33:37'),(705,1,6,9,7,136,8,'Ordinario','2024-02-28 23:33:37','2024-02-28 23:33:37'),(706,1,6,9,7,137,9,'Ordinario','2024-02-28 23:33:37','2024-02-28 23:33:37'),(707,1,6,9,7,138,8,'Ordinario','2024-02-28 23:33:37','2024-02-28 23:33:37'),(708,1,6,9,7,139,8,'Ordinario','2024-02-28 23:33:37','2024-02-28 23:33:37'),(709,1,6,9,7,140,9,'Ordinario','2024-02-28 23:33:37','2024-02-28 23:33:37'),(710,1,6,9,7,141,9,'Ordinario','2024-02-28 23:33:37','2024-02-28 23:33:37'),(711,1,6,9,7,142,9,'Ordinario','2024-02-28 23:33:37','2024-02-28 23:33:37'),(712,1,6,9,7,143,8,'Ordinario','2024-02-28 23:33:37','2024-02-28 23:33:37'),(713,1,6,9,7,144,8,'Ordinario','2024-02-28 23:33:37','2024-02-28 23:33:37'),(714,1,6,9,7,96,8,'Ordinario','2024-02-28 23:33:37','2024-02-28 23:33:37'),(715,1,6,10,16,118,8,'Ordinario','2024-02-28 23:33:37','2024-02-28 23:33:37'),(716,1,6,10,16,119,8,'Ordinario','2024-02-28 23:33:37','2024-02-28 23:33:37'),(717,1,6,10,16,120,8,'Ordinario','2024-02-28 23:33:37','2024-02-28 23:33:37'),(718,1,6,10,16,121,9,'Ordinario','2024-02-28 23:33:37','2024-02-28 23:33:37'),(719,1,6,10,16,122,8,'Ordinario','2024-02-28 23:33:37','2024-02-28 23:33:37'),(720,1,6,10,16,123,7,'Ordinario','2024-02-28 23:33:37','2024-02-28 23:33:37'),(721,1,6,10,16,124,6,'Ordinario','2024-02-28 23:33:37','2024-02-28 23:33:37'),(722,1,6,10,16,125,9,'Ordinario','2024-02-28 23:33:37','2024-02-28 23:33:37'),(723,1,6,10,16,126,8,'Ordinario','2024-02-28 23:33:37','2024-02-28 23:33:37'),(724,1,6,10,16,127,7,'Ordinario','2024-02-28 23:33:37','2024-02-28 23:33:37'),(725,1,6,10,16,128,6,'Ordinario','2024-02-28 23:33:37','2024-02-28 23:33:37'),(726,1,6,10,16,129,0,'Ordinario','2024-02-28 23:33:37','2024-02-28 23:33:37'),(727,1,6,10,16,94,6,'Ordinario','2024-02-28 23:33:37','2024-02-28 23:33:37'),(728,1,6,10,16,130,7,'Ordinario','2024-02-28 23:33:37','2024-02-28 23:33:37'),(729,1,6,10,16,131,7,'Ordinario','2024-02-28 23:33:37','2024-02-28 23:33:37'),(730,1,6,10,16,132,8,'Ordinario','2024-02-28 23:33:37','2024-02-28 23:33:37'),(731,1,6,10,16,95,7,'Ordinario','2024-02-28 23:33:37','2024-02-28 23:33:37'),(732,1,6,10,16,133,8,'Ordinario','2024-02-28 23:33:37','2024-02-28 23:33:37'),(733,1,6,10,16,134,7,'Ordinario','2024-02-28 23:33:37','2024-02-28 23:33:37'),(734,1,6,10,16,135,8,'Ordinario','2024-02-28 23:33:37','2024-02-28 23:33:37'),(735,1,6,10,16,136,7,'Ordinario','2024-02-28 23:33:37','2024-02-28 23:33:37'),(736,1,6,10,16,137,6,'Ordinario','2024-02-28 23:33:37','2024-02-28 23:33:37'),(737,1,6,10,16,138,7,'Ordinario','2024-02-28 23:33:37','2024-02-28 23:33:37'),(738,1,6,10,16,139,8,'Ordinario','2024-02-28 23:33:37','2024-02-28 23:33:37'),(739,1,6,10,16,140,8,'Ordinario','2024-02-28 23:33:37','2024-02-28 23:33:37'),(740,1,6,10,16,141,6,'Ordinario','2024-02-28 23:33:37','2024-02-28 23:33:37'),(741,1,6,10,16,142,8,'Ordinario','2024-02-28 23:33:37','2024-02-28 23:33:37'),(742,1,6,10,16,143,0,'Ordinario','2024-02-28 23:33:37','2024-02-28 23:33:37'),(743,1,6,10,16,144,0,'Ordinario','2024-02-28 23:33:37','2024-02-28 23:33:37'),(744,1,6,10,16,96,8,'Ordinario','2024-02-28 23:33:37','2024-02-28 23:33:37'),(745,1,6,11,17,118,8,'Ordinario','2024-02-28 23:33:37','2024-02-28 23:33:37'),(746,1,6,11,17,119,8,'Ordinario','2024-02-28 23:33:37','2024-02-28 23:33:37'),(747,1,6,11,17,120,8,'Ordinario','2024-02-28 23:33:37','2024-02-28 23:33:37'),(748,1,6,11,17,121,10,'Ordinario','2024-02-28 23:33:37','2024-02-28 23:33:37'),(749,1,6,11,17,122,9,'Ordinario','2024-02-28 23:33:37','2024-02-28 23:33:37'),(750,1,6,11,17,123,8,'Ordinario','2024-02-28 23:33:37','2024-02-28 23:33:37'),(751,1,6,11,17,124,7,'Ordinario','2024-02-28 23:33:37','2024-02-28 23:33:37'),(752,1,6,11,17,125,9,'Ordinario','2024-02-28 23:33:37','2024-02-28 23:33:37'),(753,1,6,11,17,126,8,'Ordinario','2024-02-28 23:33:37','2024-02-28 23:33:37'),(754,1,6,11,17,127,8,'Ordinario','2024-02-28 23:33:37','2024-02-28 23:33:37'),(755,1,6,11,17,128,8,'Ordinario','2024-02-28 23:33:37','2024-02-28 23:33:37'),(756,1,6,11,17,129,7,'Ordinario','2024-02-28 23:33:37','2024-02-28 23:33:37'),(757,1,6,11,17,94,10,'Ordinario','2024-02-28 23:33:37','2024-02-28 23:33:37'),(758,1,6,11,17,130,9,'Ordinario','2024-02-28 23:33:37','2024-02-28 23:33:37'),(759,1,6,11,17,131,8,'Ordinario','2024-02-28 23:33:37','2024-02-28 23:33:37'),(760,1,6,11,17,132,9,'Ordinario','2024-02-28 23:33:37','2024-02-28 23:33:37'),(761,1,6,11,17,95,8,'Ordinario','2024-02-28 23:33:37','2024-02-28 23:33:37'),(762,1,6,11,17,133,9,'Ordinario','2024-02-28 23:33:37','2024-02-28 23:33:37'),(763,1,6,11,17,134,8,'Ordinario','2024-02-28 23:33:37','2024-02-28 23:33:37'),(764,1,6,11,17,135,9,'Ordinario','2024-02-28 23:33:37','2024-02-28 23:33:37'),(765,1,6,11,17,136,8,'Ordinario','2024-02-28 23:33:37','2024-02-28 23:33:37'),(766,1,6,11,17,137,8,'Ordinario','2024-02-28 23:33:37','2024-02-28 23:33:37'),(767,1,6,11,17,138,8,'Ordinario','2024-02-28 23:33:37','2024-02-28 23:33:37'),(768,1,6,11,17,139,9,'Ordinario','2024-02-28 23:33:37','2024-02-28 23:33:37'),(769,1,6,11,17,140,9,'Ordinario','2024-02-28 23:33:37','2024-02-28 23:33:37'),(770,1,6,11,17,141,8,'Ordinario','2024-02-28 23:33:37','2024-02-28 23:33:37'),(771,1,6,11,17,142,7,'Ordinario','2024-02-28 23:33:37','2024-02-28 23:33:37'),(772,1,6,11,17,143,8,'Ordinario','2024-02-28 23:33:37','2024-02-28 23:33:37'),(773,1,6,11,17,144,8,'Ordinario','2024-02-28 23:33:37','2024-02-28 23:33:37'),(774,1,6,11,17,96,8,'Ordinario','2024-02-28 23:33:37','2024-02-28 23:33:37'),(775,1,6,12,12,118,10,'Ordinario','2024-02-28 23:33:37','2024-02-28 23:33:37'),(776,1,6,12,12,119,8,'Ordinario','2024-02-28 23:33:37','2024-02-28 23:33:37'),(777,1,6,12,12,120,10,'Ordinario','2024-02-28 23:33:37','2024-02-28 23:33:37'),(778,1,6,12,12,121,10,'Ordinario','2024-02-28 23:33:37','2024-02-28 23:33:37'),(779,1,6,12,12,122,10,'Ordinario','2024-02-28 23:33:37','2024-02-28 23:33:37'),(780,1,6,12,12,123,8,'Ordinario','2024-02-28 23:33:37','2024-02-28 23:33:37'),(781,1,6,12,12,124,9,'Ordinario','2024-02-28 23:33:37','2024-02-28 23:33:37'),(782,1,6,12,12,125,10,'Ordinario','2024-02-28 23:33:37','2024-02-28 23:33:37'),(783,1,6,12,12,126,10,'Ordinario','2024-02-28 23:33:37','2024-02-28 23:33:37'),(784,1,6,12,12,127,9,'Ordinario','2024-02-28 23:33:37','2024-02-28 23:33:37'),(785,1,6,12,12,128,8,'Ordinario','2024-02-28 23:33:37','2024-02-28 23:33:37'),(786,1,6,12,12,129,8,'Ordinario','2024-02-28 23:33:37','2024-02-28 23:33:37'),(787,1,6,12,12,94,7,'Ordinario','2024-02-28 23:33:37','2024-02-28 23:33:37'),(788,1,6,12,12,130,9,'Ordinario','2024-02-28 23:33:37','2024-02-28 23:33:37'),(789,1,6,12,12,131,9,'Ordinario','2024-02-28 23:33:37','2024-02-28 23:33:37'),(790,1,6,12,12,132,10,'Ordinario','2024-02-28 23:33:37','2024-02-28 23:33:37'),(791,1,6,12,12,95,9,'Ordinario','2024-02-28 23:33:37','2024-02-28 23:33:37'),(792,1,6,12,12,133,10,'Ordinario','2024-02-28 23:33:37','2024-02-28 23:33:37'),(793,1,6,12,12,134,9,'Ordinario','2024-02-28 23:33:37','2024-02-28 23:33:37'),(794,1,6,12,12,135,9,'Ordinario','2024-02-28 23:33:37','2024-02-28 23:33:37'),(795,1,6,12,12,136,7,'Ordinario','2024-02-28 23:33:37','2024-02-28 23:33:37'),(796,1,6,12,12,137,8,'Ordinario','2024-02-28 23:33:37','2024-02-28 23:33:37'),(797,1,6,12,12,138,10,'Ordinario','2024-02-28 23:33:37','2024-02-28 23:33:37'),(798,1,6,12,12,139,9,'Ordinario','2024-02-28 23:33:37','2024-02-28 23:33:37'),(799,1,6,12,12,140,10,'Ordinario','2024-02-28 23:33:37','2024-02-28 23:33:37'),(800,1,6,12,12,141,8,'Ordinario','2024-02-28 23:33:37','2024-02-28 23:33:37'),(801,1,6,12,12,142,9,'Ordinario','2024-02-28 23:33:38','2024-02-28 23:33:38'),(802,1,6,12,12,143,8,'Ordinario','2024-02-28 23:33:38','2024-02-28 23:33:38'),(803,1,6,12,12,144,8,'Ordinario','2024-02-28 23:33:38','2024-02-28 23:33:38'),(804,1,6,12,12,96,9,'Ordinario','2024-02-28 23:33:38','2024-02-28 23:33:38'),(805,1,7,7,14,145,9,'Ordinario','2024-02-28 23:33:38','2024-02-28 23:33:38'),(806,1,7,7,14,146,9,'Ordinario','2024-02-28 23:33:38','2024-02-28 23:33:38'),(807,1,7,7,14,147,10,'Ordinario','2024-02-28 23:33:38','2024-02-28 23:33:38'),(808,1,7,7,14,148,9,'Ordinario','2024-02-28 23:33:38','2024-02-28 23:33:38'),(809,1,7,7,14,149,9,'Ordinario','2024-02-28 23:33:38','2024-02-28 23:33:38'),(810,1,7,7,14,150,9,'Ordinario','2024-02-28 23:33:38','2024-02-28 23:33:38'),(811,1,7,7,14,151,9,'Ordinario','2024-02-28 23:33:38','2024-02-28 23:33:38'),(812,1,7,7,14,152,10,'Ordinario','2024-02-28 23:33:38','2024-02-28 23:33:38'),(813,1,7,7,14,153,9,'Ordinario','2024-02-28 23:33:38','2024-02-28 23:33:38'),(814,1,7,7,14,154,9,'Ordinario','2024-02-28 23:33:38','2024-02-28 23:33:38'),(815,1,7,7,14,155,9,'Ordinario','2024-02-28 23:33:38','2024-02-28 23:33:38'),(816,1,7,7,14,156,8,'Ordinario','2024-02-28 23:33:38','2024-02-28 23:33:38'),(817,1,7,7,14,157,9,'Ordinario','2024-02-28 23:33:38','2024-02-28 23:33:38'),(818,1,7,7,14,158,9,'Ordinario','2024-02-28 23:33:38','2024-02-28 23:33:38'),(819,1,7,7,14,159,10,'Ordinario','2024-02-28 23:33:38','2024-02-28 23:33:38'),(820,1,7,7,14,160,9,'Ordinario','2024-02-28 23:33:38','2024-02-28 23:33:38'),(821,1,7,7,14,161,9,'Ordinario','2024-02-28 23:33:38','2024-02-28 23:33:38'),(822,1,7,7,14,162,7,'Ordinario','2024-02-28 23:33:38','2024-02-28 23:33:38'),(823,1,7,7,14,163,7,'Ordinario','2024-02-28 23:33:38','2024-02-28 23:33:38'),(824,1,7,7,14,164,7,'Ordinario','2024-02-28 23:33:38','2024-02-28 23:33:38'),(825,1,7,7,14,165,9,'Ordinario','2024-02-28 23:33:38','2024-02-28 23:33:38'),(826,1,7,7,14,166,7,'Ordinario','2024-02-28 23:33:38','2024-02-28 23:33:38'),(827,1,7,7,14,167,7,'Ordinario','2024-02-28 23:33:38','2024-02-28 23:33:38'),(828,1,7,7,14,168,10,'Ordinario','2024-02-28 23:33:38','2024-02-28 23:33:38'),(829,1,7,7,14,169,7,'Ordinario','2024-02-28 23:33:38','2024-02-28 23:33:38'),(830,1,7,7,14,170,9,'Ordinario','2024-02-28 23:33:38','2024-02-28 23:33:38'),(831,1,7,7,14,171,9,'Ordinario','2024-02-28 23:33:38','2024-02-28 23:33:38'),(832,1,7,7,14,172,9,'Ordinario','2024-02-28 23:33:38','2024-02-28 23:33:38'),(833,1,7,7,14,173,0,'Ordinario','2024-02-28 23:33:38','2024-02-28 23:33:38'),(834,1,7,8,15,145,6,'Ordinario','2024-02-28 23:33:38','2024-02-28 23:33:38'),(835,1,7,8,15,146,6,'Ordinario','2024-02-28 23:33:38','2024-02-28 23:33:38'),(836,1,7,8,15,147,7,'Ordinario','2024-02-28 23:33:38','2024-02-28 23:33:38'),(837,1,7,8,15,148,7,'Ordinario','2024-02-28 23:33:38','2024-02-28 23:33:38'),(838,1,7,8,15,149,8,'Ordinario','2024-02-28 23:33:38','2024-02-28 23:33:38'),(839,1,7,8,15,150,7,'Ordinario','2024-02-28 23:33:38','2024-02-28 23:33:38'),(840,1,7,8,15,151,6,'Ordinario','2024-02-28 23:33:38','2024-02-28 23:33:38'),(841,1,7,8,15,152,9,'Ordinario','2024-02-28 23:33:38','2024-02-28 23:33:38'),(842,1,7,8,15,153,7,'Ordinario','2024-02-28 23:33:38','2024-02-28 23:33:38'),(843,1,7,8,15,154,8,'Ordinario','2024-02-28 23:33:38','2024-02-28 23:33:38'),(844,1,7,8,15,155,6,'Ordinario','2024-02-28 23:33:38','2024-02-28 23:33:38'),(845,1,7,8,15,156,0,'Ordinario','2024-02-28 23:33:38','2024-02-28 23:33:38'),(846,1,7,8,15,157,6,'Ordinario','2024-02-28 23:33:38','2024-02-28 23:33:38'),(847,1,7,8,15,158,6,'Ordinario','2024-02-28 23:33:38','2024-02-28 23:33:38'),(848,1,7,8,15,159,8,'Ordinario','2024-02-28 23:33:38','2024-02-28 23:33:38'),(849,1,7,8,15,160,8,'Ordinario','2024-02-28 23:33:38','2024-02-28 23:33:38'),(850,1,7,8,15,161,6,'Ordinario','2024-02-28 23:33:38','2024-02-28 23:33:38'),(851,1,7,8,15,162,9,'Ordinario','2024-02-28 23:33:38','2024-02-28 23:33:38'),(852,1,7,8,15,163,9,'Ordinario','2024-02-28 23:33:38','2024-02-28 23:33:38'),(853,1,7,8,15,164,6,'Ordinario','2024-02-28 23:33:38','2024-02-28 23:33:38'),(854,1,7,8,15,165,7,'Ordinario','2024-02-28 23:33:38','2024-02-28 23:33:38'),(855,1,7,8,15,166,9,'Ordinario','2024-02-28 23:33:38','2024-02-28 23:33:38'),(856,1,7,8,15,167,6,'Ordinario','2024-02-28 23:33:38','2024-02-28 23:33:38'),(857,1,7,8,15,168,8,'Ordinario','2024-02-28 23:33:38','2024-02-28 23:33:38'),(858,1,7,8,15,169,6,'Ordinario','2024-02-28 23:33:38','2024-02-28 23:33:38'),(859,1,7,8,15,170,8,'Ordinario','2024-02-28 23:33:38','2024-02-28 23:33:38'),(860,1,7,8,15,171,6,'Ordinario','2024-02-28 23:33:38','2024-02-28 23:33:38'),(861,1,7,8,15,172,7,'Ordinario','2024-02-28 23:33:38','2024-02-28 23:33:38'),(862,1,7,8,15,173,0,'Ordinario','2024-02-28 23:33:38','2024-02-28 23:33:38'),(863,1,7,9,7,145,8,'Ordinario','2024-02-28 23:33:38','2024-02-28 23:33:38'),(864,1,7,9,7,146,9,'Ordinario','2024-02-28 23:33:38','2024-02-28 23:33:38'),(865,1,7,9,7,147,9,'Ordinario','2024-02-28 23:33:38','2024-02-28 23:33:38'),(866,1,7,9,7,148,8,'Ordinario','2024-02-28 23:33:38','2024-02-28 23:33:38'),(867,1,7,9,7,149,8,'Ordinario','2024-02-28 23:33:38','2024-02-28 23:33:38'),(868,1,7,9,7,150,8,'Ordinario','2024-02-28 23:33:38','2024-02-28 23:33:38'),(869,1,7,9,7,151,9,'Ordinario','2024-02-28 23:33:38','2024-02-28 23:33:38'),(870,1,7,9,7,152,10,'Ordinario','2024-02-28 23:33:38','2024-02-28 23:33:38'),(871,1,7,9,7,153,9,'Ordinario','2024-02-28 23:33:38','2024-02-28 23:33:38'),(872,1,7,9,7,154,7,'Ordinario','2024-02-28 23:33:38','2024-02-28 23:33:38'),(873,1,7,9,7,155,9,'Ordinario','2024-02-28 23:33:38','2024-02-28 23:33:38'),(874,1,7,9,7,156,7,'Ordinario','2024-02-28 23:33:38','2024-02-28 23:33:38'),(875,1,7,9,7,157,9,'Ordinario','2024-02-28 23:33:38','2024-02-28 23:33:38'),(876,1,7,9,7,158,7,'Ordinario','2024-02-28 23:33:38','2024-02-28 23:33:38'),(877,1,7,9,7,159,8,'Ordinario','2024-02-28 23:33:38','2024-02-28 23:33:38'),(878,1,7,9,7,160,9,'Ordinario','2024-02-28 23:33:38','2024-02-28 23:33:38'),(879,1,7,9,7,161,9,'Ordinario','2024-02-28 23:33:38','2024-02-28 23:33:38'),(880,1,7,9,7,162,9,'Ordinario','2024-02-28 23:33:38','2024-02-28 23:33:38'),(881,1,7,9,7,163,9,'Ordinario','2024-02-28 23:33:38','2024-02-28 23:33:38'),(882,1,7,9,7,164,8,'Ordinario','2024-02-28 23:33:38','2024-02-28 23:33:38'),(883,1,7,9,7,165,9,'Ordinario','2024-02-28 23:33:38','2024-02-28 23:33:38'),(884,1,7,9,7,166,9,'Ordinario','2024-02-28 23:33:38','2024-02-28 23:33:38'),(885,1,7,9,7,167,9,'Ordinario','2024-02-28 23:33:38','2024-02-28 23:33:38'),(886,1,7,9,7,168,9,'Ordinario','2024-02-28 23:33:38','2024-02-28 23:33:38'),(887,1,7,9,7,169,10,'Ordinario','2024-02-28 23:33:38','2024-02-28 23:33:38'),(888,1,7,9,7,170,7,'Ordinario','2024-02-28 23:33:38','2024-02-28 23:33:38'),(889,1,7,9,7,171,8,'Ordinario','2024-02-28 23:33:38','2024-02-28 23:33:38'),(890,1,7,9,7,172,8,'Ordinario','2024-02-28 23:33:38','2024-02-28 23:33:38'),(891,1,7,9,7,173,2,'Ordinario','2024-02-28 23:33:38','2024-02-28 23:33:38'),(892,1,7,10,8,145,6,'Ordinario','2024-02-28 23:33:38','2024-02-28 23:33:38'),(893,1,7,10,8,146,8,'Ordinario','2024-02-28 23:33:38','2024-02-28 23:33:38'),(894,1,7,10,8,147,9,'Ordinario','2024-02-28 23:33:38','2024-02-28 23:33:38'),(895,1,7,10,8,148,9,'Ordinario','2024-02-28 23:33:38','2024-02-28 23:33:38'),(896,1,7,10,8,149,10,'Ordinario','2024-02-28 23:33:38','2024-02-28 23:33:38'),(897,1,7,10,8,150,9,'Ordinario','2024-02-28 23:33:38','2024-02-28 23:33:38'),(898,1,7,10,8,151,9,'Ordinario','2024-02-28 23:33:38','2024-02-28 23:33:38'),(899,1,7,10,8,152,9,'Ordinario','2024-02-28 23:33:38','2024-02-28 23:33:38'),(900,1,7,10,8,153,9,'Ordinario','2024-02-28 23:33:38','2024-02-28 23:33:38'),(901,1,7,10,8,154,10,'Ordinario','2024-02-28 23:33:38','2024-02-28 23:33:38'),(902,1,7,10,8,155,9,'Ordinario','2024-02-28 23:33:38','2024-02-28 23:33:38'),(903,1,7,10,8,156,7,'Ordinario','2024-02-28 23:33:38','2024-02-28 23:33:38'),(904,1,7,10,8,157,8,'Ordinario','2024-02-28 23:33:38','2024-02-28 23:33:38'),(905,1,7,10,8,158,9,'Ordinario','2024-02-28 23:33:38','2024-02-28 23:33:38'),(906,1,7,10,8,159,10,'Ordinario','2024-02-28 23:33:38','2024-02-28 23:33:38'),(907,1,7,10,8,160,10,'Ordinario','2024-02-28 23:33:38','2024-02-28 23:33:38'),(908,1,7,10,8,161,8,'Ordinario','2024-02-28 23:33:38','2024-02-28 23:33:38'),(909,1,7,10,8,162,10,'Ordinario','2024-02-28 23:33:38','2024-02-28 23:33:38'),(910,1,7,10,8,163,10,'Ordinario','2024-02-28 23:33:38','2024-02-28 23:33:38'),(911,1,7,10,8,164,5,'Ordinario','2024-02-28 23:33:38','2024-02-28 23:33:38'),(912,1,7,10,8,165,10,'Ordinario','2024-02-28 23:33:38','2024-02-28 23:33:38'),(913,1,7,10,8,166,10,'Ordinario','2024-02-28 23:33:38','2024-02-28 23:33:38'),(914,1,7,10,8,167,9,'Ordinario','2024-02-28 23:33:38','2024-02-28 23:33:38'),(915,1,7,10,8,168,10,'Ordinario','2024-02-28 23:33:38','2024-02-28 23:33:38'),(916,1,7,10,8,169,5,'Ordinario','2024-02-28 23:33:38','2024-02-28 23:33:38'),(917,1,7,10,8,170,7,'Ordinario','2024-02-28 23:33:38','2024-02-28 23:33:38'),(918,1,7,10,8,171,9,'Ordinario','2024-02-28 23:33:38','2024-02-28 23:33:38'),(919,1,7,10,8,172,9,'Ordinario','2024-02-28 23:33:38','2024-02-28 23:33:38'),(920,1,7,10,8,173,0,'Ordinario','2024-02-28 23:33:38','2024-02-28 23:33:38'),(921,1,7,11,17,145,7,'Ordinario','2024-02-28 23:33:38','2024-02-28 23:33:38'),(922,1,7,11,17,146,7,'Ordinario','2024-02-28 23:33:38','2024-02-28 23:33:38'),(923,1,7,11,17,147,8,'Ordinario','2024-02-28 23:33:38','2024-02-28 23:33:38'),(924,1,7,11,17,148,5,'Ordinario','2024-02-28 23:33:38','2024-02-28 23:33:38'),(925,1,7,11,17,149,7,'Ordinario','2024-02-28 23:33:38','2024-02-28 23:33:38'),(926,1,7,11,17,150,7,'Ordinario','2024-02-28 23:33:38','2024-02-28 23:33:38'),(927,1,7,11,17,151,6,'Ordinario','2024-02-28 23:33:38','2024-02-28 23:33:38'),(928,1,7,11,17,152,7,'Ordinario','2024-02-28 23:33:38','2024-02-28 23:33:38'),(929,1,7,11,17,153,8,'Ordinario','2024-02-28 23:33:38','2024-02-28 23:33:38'),(930,1,7,11,17,154,8,'Ordinario','2024-02-28 23:33:38','2024-02-28 23:33:38'),(931,1,7,11,17,155,7,'Ordinario','2024-02-28 23:33:38','2024-02-28 23:33:38'),(932,1,7,11,17,156,0,'Ordinario','2024-02-28 23:33:38','2024-02-28 23:33:38'),(933,1,7,11,17,157,7,'Ordinario','2024-02-28 23:33:38','2024-02-28 23:33:38'),(934,1,7,11,17,158,8,'Ordinario','2024-02-28 23:33:38','2024-02-28 23:33:38'),(935,1,7,11,17,159,8,'Ordinario','2024-02-28 23:33:38','2024-02-28 23:33:38'),(936,1,7,11,17,160,9,'Ordinario','2024-02-28 23:33:38','2024-02-28 23:33:38'),(937,1,7,11,17,161,7,'Ordinario','2024-02-28 23:33:38','2024-02-28 23:33:38'),(938,1,7,11,17,162,7,'Ordinario','2024-02-28 23:33:38','2024-02-28 23:33:38'),(939,1,7,11,17,163,7,'Ordinario','2024-02-28 23:33:38','2024-02-28 23:33:38'),(940,1,7,11,17,164,5,'Ordinario','2024-02-28 23:33:38','2024-02-28 23:33:38'),(941,1,7,11,17,165,8,'Ordinario','2024-02-28 23:33:38','2024-02-28 23:33:38'),(942,1,7,11,17,166,8,'Ordinario','2024-02-28 23:33:38','2024-02-28 23:33:38'),(943,1,7,11,17,167,6,'Ordinario','2024-02-28 23:33:38','2024-02-28 23:33:38'),(944,1,7,11,17,168,8,'Ordinario','2024-02-28 23:33:38','2024-02-28 23:33:38'),(945,1,7,11,17,169,6,'Ordinario','2024-02-28 23:33:38','2024-02-28 23:33:38'),(946,1,7,11,17,170,7,'Ordinario','2024-02-28 23:33:38','2024-02-28 23:33:38'),(947,1,7,11,17,171,6,'Ordinario','2024-02-28 23:33:38','2024-02-28 23:33:38'),(948,1,7,11,17,172,8,'Ordinario','2024-02-28 23:33:38','2024-02-28 23:33:38'),(949,1,7,11,17,173,0,'Ordinario','2024-02-28 23:33:38','2024-02-28 23:33:38'),(950,1,7,12,12,145,9,'Ordinario','2024-02-28 23:33:38','2024-02-28 23:33:38'),(951,1,7,12,12,146,7,'Ordinario','2024-02-28 23:33:38','2024-02-28 23:33:38'),(952,1,7,12,12,147,9,'Ordinario','2024-02-28 23:33:38','2024-02-28 23:33:38'),(953,1,7,12,12,148,9,'Ordinario','2024-02-28 23:33:38','2024-02-28 23:33:38'),(954,1,7,12,12,149,10,'Ordinario','2024-02-28 23:33:38','2024-02-28 23:33:38'),(955,1,7,12,12,150,9,'Ordinario','2024-02-28 23:33:38','2024-02-28 23:33:38'),(956,1,7,12,12,151,10,'Ordinario','2024-02-28 23:33:38','2024-02-28 23:33:38'),(957,1,7,12,12,152,8,'Ordinario','2024-02-28 23:33:38','2024-02-28 23:33:38'),(958,1,7,12,12,153,9,'Ordinario','2024-02-28 23:33:38','2024-02-28 23:33:38'),(959,1,7,12,12,154,9,'Ordinario','2024-02-28 23:33:38','2024-02-28 23:33:38'),(960,1,7,12,12,155,10,'Ordinario','2024-02-28 23:33:38','2024-02-28 23:33:38'),(961,1,7,12,12,156,7,'Ordinario','2024-02-28 23:33:38','2024-02-28 23:33:38'),(962,1,7,12,12,157,7,'Ordinario','2024-02-28 23:33:38','2024-02-28 23:33:38'),(963,1,7,12,12,158,8,'Ordinario','2024-02-28 23:33:38','2024-02-28 23:33:38'),(964,1,7,12,12,159,10,'Ordinario','2024-02-28 23:33:38','2024-02-28 23:33:38'),(965,1,7,12,12,160,10,'Ordinario','2024-02-28 23:33:38','2024-02-28 23:33:38'),(966,1,7,12,12,161,9,'Ordinario','2024-02-28 23:33:38','2024-02-28 23:33:38'),(967,1,7,12,12,162,9,'Ordinario','2024-02-28 23:33:38','2024-02-28 23:33:38'),(968,1,7,12,12,163,10,'Ordinario','2024-02-28 23:33:38','2024-02-28 23:33:38'),(969,1,7,12,12,164,8,'Ordinario','2024-02-28 23:33:38','2024-02-28 23:33:38'),(970,1,7,12,12,165,9,'Ordinario','2024-02-28 23:33:38','2024-02-28 23:33:38'),(971,1,7,12,12,166,9,'Ordinario','2024-02-28 23:33:38','2024-02-28 23:33:38'),(972,1,7,12,12,167,9,'Ordinario','2024-02-28 23:33:38','2024-02-28 23:33:38'),(973,1,7,12,12,168,10,'Ordinario','2024-02-28 23:33:38','2024-02-28 23:33:38'),(974,1,7,12,12,169,8,'Ordinario','2024-02-28 23:33:38','2024-02-28 23:33:38'),(975,1,7,12,12,170,8,'Ordinario','2024-02-28 23:33:38','2024-02-28 23:33:38'),(976,1,7,12,12,171,9,'Ordinario','2024-02-28 23:33:38','2024-02-28 23:33:38'),(977,1,7,12,12,172,9,'Ordinario','2024-02-28 23:33:38','2024-02-28 23:33:38'),(978,1,7,12,12,173,0,'Ordinario','2024-02-28 23:33:38','2024-02-28 23:33:38'),(979,1,2,6,11,1,9,'Ordinario','2024-02-28 23:33:38','2024-02-28 23:33:38'),(980,1,2,6,11,2,9,'Ordinario','2024-02-28 23:33:38','2024-02-28 23:33:38'),(981,1,2,6,11,3,8,'Ordinario','2024-02-28 23:33:38','2024-02-28 23:33:38'),(982,1,2,6,11,4,8,'Ordinario','2024-02-28 23:33:38','2024-02-28 23:33:38'),(983,1,2,6,11,5,8,'Ordinario','2024-02-28 23:33:38','2024-02-28 23:33:38'),(984,1,2,6,11,6,7,'Ordinario','2024-02-28 23:33:38','2024-02-28 23:33:38'),(985,1,2,6,11,7,8,'Ordinario','2024-02-28 23:33:38','2024-02-28 23:33:38'),(986,1,2,6,11,8,8,'Ordinario','2024-02-28 23:33:38','2024-02-28 23:33:38'),(987,1,2,6,11,9,7,'Ordinario','2024-02-28 23:33:38','2024-02-28 23:33:38'),(988,1,2,6,11,10,8,'Ordinario','2024-02-28 23:33:38','2024-02-28 23:33:38'),(989,1,2,6,11,11,7,'Ordinario','2024-02-28 23:33:38','2024-02-28 23:33:38'),(990,1,2,6,11,12,8,'Ordinario','2024-02-28 23:33:38','2024-02-28 23:33:38'),(991,1,2,6,11,13,8,'Ordinario','2024-02-28 23:33:38','2024-02-28 23:33:38'),(992,1,2,6,11,14,9,'Ordinario','2024-02-28 23:33:38','2024-02-28 23:33:38'),(993,1,2,6,11,15,8,'Ordinario','2024-02-28 23:33:38','2024-02-28 23:33:38'),(994,1,2,6,11,16,9,'Ordinario','2024-02-28 23:33:38','2024-02-28 23:33:38'),(995,1,2,6,11,17,8,'Ordinario','2024-02-28 23:33:38','2024-02-28 23:33:38'),(996,1,2,6,11,18,7,'Ordinario','2024-02-28 23:33:38','2024-02-28 23:33:38'),(997,1,2,6,11,19,9,'Ordinario','2024-02-28 23:33:38','2024-02-28 23:33:38'),(998,1,2,6,11,20,8,'Ordinario','2024-02-28 23:33:38','2024-02-28 23:33:38'),(999,1,2,6,11,21,8,'Ordinario','2024-02-28 23:33:38','2024-02-28 23:33:38'),(1000,1,2,6,11,22,8,'Ordinario','2024-02-28 23:33:38','2024-02-28 23:33:38'),(1001,1,2,6,11,23,9,'Ordinario','2024-02-28 23:33:39','2024-02-28 23:33:39'),(1002,1,2,6,11,24,6,'Ordinario','2024-02-28 23:33:39','2024-02-28 23:33:39'),(1003,1,2,6,11,25,8,'Ordinario','2024-02-28 23:33:39','2024-02-28 23:33:39'),(1004,1,2,6,11,26,8,'Ordinario','2024-02-28 23:33:39','2024-02-28 23:33:39'),(1005,1,2,6,11,27,9,'Ordinario','2024-02-28 23:33:39','2024-02-28 23:33:39'),(1006,1,2,6,11,28,9,'Ordinario','2024-02-28 23:33:39','2024-02-28 23:33:39'),(1007,1,2,6,11,29,6,'Ordinario','2024-02-28 23:33:39','2024-02-28 23:33:39'),(1008,1,2,6,11,30,9,'Ordinario','2024-02-28 23:33:39','2024-02-28 23:33:39'),(1009,1,2,6,11,31,4,'Ordinario','2024-02-28 23:33:39','2024-02-28 23:33:39'),(1010,1,2,6,11,32,7,'Ordinario','2024-02-28 23:33:39','2024-02-28 23:33:39'),(1011,1,2,6,11,33,8,'Ordinario','2024-02-28 23:33:39','2024-02-28 23:33:39'),(1012,1,5,3,18,97,8,'Ordinario','2024-02-28 23:33:39','2024-02-28 23:33:39'),(1013,1,5,3,18,98,9,'Ordinario','2024-02-28 23:33:39','2024-02-28 23:33:39'),(1014,1,5,3,18,99,9,'Ordinario','2024-02-28 23:33:39','2024-02-28 23:33:39'),(1015,1,5,3,18,100,9,'Ordinario','2024-02-28 23:33:39','2024-02-28 23:33:39'),(1016,1,5,3,18,101,10,'Ordinario','2024-02-28 23:33:39','2024-02-28 23:33:39'),(1017,1,5,3,18,102,8,'Ordinario','2024-02-28 23:33:39','2024-02-28 23:33:39'),(1018,1,5,3,18,103,9,'Ordinario','2024-02-28 23:33:39','2024-02-28 23:33:39'),(1019,1,5,3,18,104,8,'Ordinario','2024-02-28 23:33:39','2024-02-28 23:33:39'),(1020,1,5,3,18,105,9,'Ordinario','2024-02-28 23:33:39','2024-02-28 23:33:39'),(1021,1,5,3,18,106,9,'Ordinario','2024-02-28 23:33:39','2024-02-28 23:33:39'),(1022,1,5,3,18,107,10,'Ordinario','2024-02-28 23:33:39','2024-02-28 23:33:39'),(1023,1,5,3,18,108,9,'Ordinario','2024-02-28 23:33:39','2024-02-28 23:33:39'),(1024,1,5,3,18,109,10,'Ordinario','2024-02-28 23:33:39','2024-02-28 23:33:39'),(1025,1,5,3,18,110,10,'Ordinario','2024-02-28 23:33:39','2024-02-28 23:33:39'),(1026,1,5,3,18,111,10,'Ordinario','2024-02-28 23:33:39','2024-02-28 23:33:39'),(1027,1,5,3,18,112,9,'Ordinario','2024-02-28 23:33:39','2024-02-28 23:33:39'),(1028,1,5,3,18,113,9,'Ordinario','2024-02-28 23:33:39','2024-02-28 23:33:39'),(1029,1,5,3,18,114,9,'Ordinario','2024-02-28 23:33:39','2024-02-28 23:33:39'),(1030,1,5,3,18,115,10,'Ordinario','2024-02-28 23:33:39','2024-02-28 23:33:39'),(1031,1,5,3,18,116,0,'Ordinario','2024-02-28 23:33:39','2024-02-28 23:33:39'),(1032,1,5,3,18,117,0,'Ordinario','2024-02-28 23:33:39','2024-02-28 23:33:39'),(1033,1,8,13,19,70,9,'Ordinario','2024-02-28 23:33:39','2024-02-28 23:33:39'),(1034,1,8,13,19,99,9,'Ordinario','2024-02-28 23:33:39','2024-02-28 23:33:39'),(1035,1,8,13,19,72,8,'Ordinario','2024-02-28 23:33:39','2024-02-28 23:33:39'),(1036,1,8,13,19,74,9,'Ordinario','2024-02-28 23:33:39','2024-02-28 23:33:39'),(1037,1,8,13,19,100,8,'Ordinario','2024-02-28 23:33:39','2024-02-28 23:33:39'),(1038,1,8,13,19,114,7,'Ordinario','2024-02-28 23:33:39','2024-02-28 23:33:39'),(1039,1,8,13,19,77,9,'Ordinario','2024-02-28 23:33:39','2024-02-28 23:33:39'),(1040,1,8,13,19,103,9,'Ordinario','2024-02-28 23:33:39','2024-02-28 23:33:39'),(1041,1,8,13,19,116,0,'Ordinario','2024-02-28 23:33:39','2024-02-28 23:33:39'),(1042,1,8,13,19,106,9,'Ordinario','2024-02-28 23:33:39','2024-02-28 23:33:39'),(1043,1,8,13,19,105,9,'Ordinario','2024-02-28 23:33:39','2024-02-28 23:33:39'),(1044,1,8,13,19,117,0,'Ordinario','2024-02-28 23:33:39','2024-02-28 23:33:39'),(1045,1,8,13,19,108,9,'Ordinario','2024-02-28 23:33:39','2024-02-28 23:33:39'),(1046,1,8,13,19,110,8,'Ordinario','2024-02-28 23:33:39','2024-02-28 23:33:39'),(1047,1,8,13,19,90,9,'Ordinario','2024-02-28 23:33:39','2024-02-28 23:33:39'),(1048,1,8,13,19,111,9,'Ordinario','2024-02-28 23:33:39','2024-02-28 23:33:39'),(1049,1,8,13,19,113,9,'Ordinario','2024-02-28 23:33:39','2024-02-28 23:33:39'),(1050,1,8,13,19,93,8,'Ordinario','2024-02-28 23:33:39','2024-02-28 23:33:39'),(1051,1,8,13,19,88,8,'Ordinario','2024-02-28 23:33:39','2024-02-28 23:33:39'),(1052,1,8,13,19,35,8,'Ordinario','2024-02-28 23:33:39','2024-02-28 23:33:39'),(1053,1,8,13,19,4,8,'Ordinario','2024-02-28 23:33:39','2024-02-28 23:33:39'),(1054,1,8,13,19,5,8,'Ordinario','2024-02-28 23:33:39','2024-02-28 23:33:39'),(1055,1,8,13,19,36,6,'Ordinario','2024-02-28 23:33:39','2024-02-28 23:33:39'),(1056,1,8,13,19,37,8,'Ordinario','2024-02-28 23:33:39','2024-02-28 23:33:39'),(1057,1,8,13,19,38,9,'Ordinario','2024-02-28 23:33:39','2024-02-28 23:33:39'),(1058,1,8,13,19,41,8,'Ordinario','2024-02-28 23:33:39','2024-02-28 23:33:39'),(1059,1,8,13,19,8,9,'Ordinario','2024-02-28 23:33:39','2024-02-28 23:33:39'),(1060,1,8,13,19,44,9,'Ordinario','2024-02-28 23:33:39','2024-02-28 23:33:39'),(1061,1,8,13,19,43,8,'Ordinario','2024-02-28 23:33:39','2024-02-28 23:33:39'),(1062,1,8,13,19,11,8,'Ordinario','2024-02-28 23:33:39','2024-02-28 23:33:39'),(1063,1,8,13,19,16,8,'Ordinario','2024-02-28 23:33:39','2024-02-28 23:33:39'),(1064,1,8,13,19,49,8,'Ordinario','2024-02-28 23:33:39','2024-02-28 23:33:39'),(1065,1,8,13,19,48,7,'Ordinario','2024-02-28 23:33:39','2024-02-28 23:33:39'),(1066,1,8,13,19,47,8,'Ordinario','2024-02-28 23:33:39','2024-02-28 23:33:39'),(1067,1,8,13,19,18,8,'Ordinario','2024-02-28 23:33:39','2024-02-28 23:33:39'),(1068,1,8,13,19,52,8,'Ordinario','2024-02-28 23:33:39','2024-02-28 23:33:39'),(1069,1,8,13,19,54,8,'Ordinario','2024-02-28 23:33:39','2024-02-28 23:33:39'),(1070,1,8,13,19,21,9,'Ordinario','2024-02-28 23:33:39','2024-02-28 23:33:39'),(1071,1,8,13,19,20,8,'Ordinario','2024-02-28 23:33:39','2024-02-28 23:33:39'),(1072,1,8,13,19,58,7,'Ordinario','2024-02-28 23:33:39','2024-02-28 23:33:39'),(1073,1,8,13,19,26,8,'Ordinario','2024-02-28 23:33:39','2024-02-28 23:33:39'),(1074,1,8,13,19,28,9,'Ordinario','2024-02-28 23:33:39','2024-02-28 23:33:39'),(1075,1,8,13,19,60,6,'Ordinario','2024-02-28 23:33:39','2024-02-28 23:33:39'),(1076,1,8,13,19,61,8,'Ordinario','2024-02-28 23:33:39','2024-02-28 23:33:39'),(1077,1,8,13,19,29,8,'Ordinario','2024-02-28 23:33:39','2024-02-28 23:33:39'),(1078,1,9,13,19,63,9,'Ordinario','2024-02-28 23:33:39','2024-02-28 23:33:39'),(1079,1,8,13,19,32,8,'Ordinario','2024-02-28 23:33:39','2024-02-28 23:33:39'),(1080,1,8,13,19,76,7,'Ordinario','2024-02-28 23:33:39','2024-02-28 23:33:39'),(1081,1,8,13,19,81,9,'Ordinario','2024-02-28 23:33:39','2024-02-28 23:33:39'),(1082,1,8,13,19,33,7,'Ordinario','2024-02-28 23:33:39','2024-02-28 23:33:39'),(1083,1,8,13,19,34,7,'Ordinario','2024-02-28 23:33:39','2024-02-28 23:33:39'),(1084,1,8,13,19,2,8,'Ordinario','2024-02-28 23:33:39','2024-02-28 23:33:39'),(1085,1,8,13,19,39,7,'Ordinario','2024-02-28 23:33:39','2024-02-28 23:33:39'),(1086,1,8,13,19,7,8,'Ordinario','2024-02-28 23:33:39','2024-02-28 23:33:39'),(1087,1,8,13,19,42,7,'Ordinario','2024-02-28 23:33:39','2024-02-28 23:33:39'),(1088,1,8,13,19,10,8,'Ordinario','2024-02-28 23:33:39','2024-02-28 23:33:39'),(1089,1,8,13,19,13,7,'Ordinario','2024-02-28 23:33:39','2024-02-28 23:33:39'),(1090,1,8,13,19,46,7,'Ordinario','2024-02-28 23:33:39','2024-02-28 23:33:39'),(1091,1,8,13,19,56,9,'Ordinario','2024-02-28 23:33:39','2024-02-28 23:33:39'),(1092,1,8,13,19,23,8,'Ordinario','2024-02-28 23:33:39','2024-02-28 23:33:39'),(1093,1,8,13,19,25,9,'Ordinario','2024-02-28 23:33:39','2024-02-28 23:33:39'),(1094,1,8,13,19,24,7,'Ordinario','2024-02-28 23:33:39','2024-02-28 23:33:39'),(1095,1,8,13,19,27,8,'Ordinario','2024-02-28 23:33:39','2024-02-28 23:33:39'),(1096,1,8,13,19,59,8,'Ordinario','2024-02-28 23:33:39','2024-02-28 23:33:39'),(1097,1,8,13,19,31,7,'Ordinario','2024-02-28 23:33:39','2024-02-28 23:33:39'),(1098,1,8,13,19,30,9,'Ordinario','2024-02-28 23:33:39','2024-02-28 23:33:39'),(1099,1,8,13,19,3,9,'Ordinario','2024-02-28 23:33:39','2024-02-28 23:33:39'),(1100,1,8,13,19,6,9,'Ordinario','2024-02-28 23:33:39','2024-02-28 23:33:39'),(1101,1,8,13,19,40,8,'Ordinario','2024-02-28 23:33:39','2024-02-28 23:33:39'),(1102,1,8,13,19,9,9,'Ordinario','2024-02-28 23:33:39','2024-02-28 23:33:39'),(1103,1,8,13,19,12,10,'Ordinario','2024-02-28 23:33:39','2024-02-28 23:33:39'),(1104,1,8,13,19,15,9,'Ordinario','2024-02-28 23:33:39','2024-02-28 23:33:39'),(1105,1,8,13,19,45,9,'Ordinario','2024-02-28 23:33:39','2024-02-28 23:33:39'),(1106,1,8,13,19,17,10,'Ordinario','2024-02-28 23:33:39','2024-02-28 23:33:39'),(1107,1,8,13,19,14,9,'Ordinario','2024-02-28 23:33:39','2024-02-28 23:33:39'),(1108,1,8,13,19,50,8,'Ordinario','2024-02-28 23:33:39','2024-02-28 23:33:39'),(1109,1,8,13,19,53,9,'Ordinario','2024-02-28 23:33:39','2024-02-28 23:33:39'),(1110,1,8,13,19,51,9,'Ordinario','2024-02-28 23:33:39','2024-02-28 23:33:39'),(1111,1,8,13,19,19,10,'Ordinario','2024-02-28 23:33:39','2024-02-28 23:33:39'),(1112,1,8,13,19,55,9,'Ordinario','2024-02-28 23:33:39','2024-02-28 23:33:39'),(1113,1,8,13,19,22,10,'Ordinario','2024-02-28 23:33:39','2024-02-28 23:33:39'),(1114,1,8,13,19,57,9,'Ordinario','2024-02-28 23:33:39','2024-02-28 23:33:39'),(1115,1,8,13,19,65,9,'Ordinario','2024-02-28 23:33:39','2024-02-28 23:33:39'),(1116,1,8,13,19,62,9,'Ordinario','2024-02-28 23:33:39','2024-02-28 23:33:39'),(1117,1,8,13,19,64,9,'Ordinario','2024-02-28 23:33:39','2024-02-28 23:33:39'),(1118,1,8,13,19,97,8,'Ordinario','2024-02-28 23:33:39','2024-02-28 23:33:39'),(1119,1,8,13,19,71,9,'Ordinario','2024-02-28 23:33:39','2024-02-28 23:33:39'),(1120,1,8,13,19,102,8,'Ordinario','2024-02-28 23:33:39','2024-02-28 23:33:39'),(1121,1,8,13,19,79,9,'Ordinario','2024-02-28 23:33:39','2024-02-28 23:33:39'),(1122,1,8,13,19,80,8,'Ordinario','2024-02-28 23:33:39','2024-02-28 23:33:39'),(1123,1,8,13,19,83,8,'Ordinario','2024-02-28 23:33:39','2024-02-28 23:33:39'),(1124,1,8,13,19,104,9,'Ordinario','2024-02-28 23:33:39','2024-02-28 23:33:39'),(1125,1,8,13,19,84,7,'Ordinario','2024-02-28 23:33:39','2024-02-28 23:33:39'),(1126,1,8,13,19,107,9,'Ordinario','2024-02-28 23:33:39','2024-02-28 23:33:39'),(1127,1,8,13,19,85,8,'Ordinario','2024-02-28 23:33:39','2024-02-28 23:33:39'),(1128,1,8,13,19,87,9,'Ordinario','2024-02-28 23:33:39','2024-02-28 23:33:39'),(1129,1,8,13,19,89,9,'Ordinario','2024-02-28 23:33:39','2024-02-28 23:33:39'),(1130,1,8,13,19,86,8,'Ordinario','2024-02-28 23:33:39','2024-02-28 23:33:39'),(1131,1,8,13,19,109,9,'Ordinario','2024-02-28 23:33:39','2024-02-28 23:33:39'),(1132,1,8,13,19,112,9,'Ordinario','2024-02-28 23:33:39','2024-02-28 23:33:39'),(1133,1,8,13,19,91,8,'Ordinario','2024-02-28 23:33:39','2024-02-28 23:33:39'),(1134,1,8,13,19,92,9,'Ordinario','2024-02-28 23:33:39','2024-02-28 23:33:39'),(1135,1,8,13,19,69,9,'Ordinario','2024-02-28 23:33:39','2024-02-28 23:33:39'),(1136,1,8,13,19,68,7,'Ordinario','2024-02-28 23:33:39','2024-02-28 23:33:39'),(1137,1,8,13,19,98,9,'Ordinario','2024-02-28 23:33:39','2024-02-28 23:33:39'),(1138,1,8,13,19,75,9,'Ordinario','2024-02-28 23:33:39','2024-02-28 23:33:39'),(1139,1,8,13,19,73,9,'Ordinario','2024-02-28 23:33:39','2024-02-28 23:33:39'),(1140,1,8,13,19,115,8,'Ordinario','2024-02-28 23:33:39','2024-02-28 23:33:39'),(1141,1,8,13,19,78,9,'Ordinario','2024-02-28 23:33:39','2024-02-28 23:33:39'),(1142,1,8,13,19,82,9,'Ordinario','2024-02-28 23:33:39','2024-02-28 23:33:39'),(1143,1,8,13,19,1,10,'Ordinario','2024-02-28 23:33:39','2024-02-28 23:33:39'),(1144,1,8,13,19,101,9,'Ordinario','2024-02-28 23:33:39','2024-02-28 23:33:39'),(1145,1,10,14,19,140,9,'Ordinario','2024-02-28 23:33:39','2024-02-28 23:33:39'),(1146,1,10,14,19,146,9,'Ordinario','2024-02-28 23:33:39','2024-02-28 23:33:39'),(1147,1,10,14,19,149,9,'Ordinario','2024-02-28 23:33:39','2024-02-28 23:33:39'),(1148,1,10,14,19,151,8,'Ordinario','2024-02-28 23:33:39','2024-02-28 23:33:39'),(1149,1,10,14,19,154,9,'Ordinario','2024-02-28 23:33:39','2024-02-28 23:33:39'),(1150,1,10,14,19,170,8,'Ordinario','2024-02-28 23:33:39','2024-02-28 23:33:39'),(1151,1,10,14,19,161,9,'Ordinario','2024-02-28 23:33:39','2024-02-28 23:33:39'),(1152,1,10,14,19,160,9,'Ordinario','2024-02-28 23:33:39','2024-02-28 23:33:39'),(1153,1,10,14,19,162,9,'Ordinario','2024-02-28 23:33:39','2024-02-28 23:33:39'),(1154,1,10,14,19,163,10,'Ordinario','2024-02-28 23:33:39','2024-02-28 23:33:39'),(1155,1,10,14,19,165,9,'Ordinario','2024-02-28 23:33:39','2024-02-28 23:33:39'),(1156,1,10,14,19,167,9,'Ordinario','2024-02-28 23:33:39','2024-02-28 23:33:39'),(1157,1,10,14,19,171,9,'Ordinario','2024-02-28 23:33:39','2024-02-28 23:33:39'),(1158,1,10,14,19,168,9,'Ordinario','2024-02-28 23:33:39','2024-02-28 23:33:39'),(1159,1,10,14,19,118,8,'Ordinario','2024-02-28 23:33:39','2024-02-28 23:33:39'),(1160,1,10,14,19,122,9,'Ordinario','2024-02-28 23:33:39','2024-02-28 23:33:39'),(1161,1,10,14,19,94,9,'Ordinario','2024-02-28 23:33:39','2024-02-28 23:33:39'),(1162,1,10,14,19,142,8,'Ordinario','2024-02-28 23:33:39','2024-02-28 23:33:39'),(1163,1,10,14,19,130,9,'Ordinario','2024-02-28 23:33:39','2024-02-28 23:33:39'),(1164,1,10,14,19,144,8,'Ordinario','2024-02-28 23:33:39','2024-02-28 23:33:39'),(1165,1,10,14,19,132,9,'Ordinario','2024-02-28 23:33:39','2024-02-28 23:33:39'),(1166,1,10,14,19,133,9,'Ordinario','2024-02-28 23:33:39','2024-02-28 23:33:39'),(1167,1,10,14,19,95,8,'Ordinario','2024-02-28 23:33:39','2024-02-28 23:33:39'),(1168,1,10,14,19,139,9,'Ordinario','2024-02-28 23:33:39','2024-02-28 23:33:39'),(1169,1,10,14,19,138,9,'Ordinario','2024-02-28 23:33:39','2024-02-28 23:33:39'),(1170,1,10,14,19,125,8,'Ordinario','2024-02-28 23:33:39','2024-02-28 23:33:39'),(1171,1,10,14,19,131,8,'Ordinario','2024-02-28 23:33:39','2024-02-28 23:33:39'),(1172,1,10,14,19,135,9,'Ordinario','2024-02-28 23:33:39','2024-02-28 23:33:39'),(1173,1,10,14,19,148,8,'Ordinario','2024-02-28 23:33:39','2024-02-28 23:33:39'),(1174,1,10,14,19,169,8,'Ordinario','2024-02-28 23:33:39','2024-02-28 23:33:39'),(1175,1,10,14,19,152,8,'Ordinario','2024-02-28 23:33:39','2024-02-28 23:33:39'),(1176,1,10,14,19,173,5,'Ordinario','2024-02-28 23:33:39','2024-02-28 23:33:39'),(1177,1,10,14,19,153,8,'Ordinario','2024-02-28 23:33:39','2024-02-28 23:33:39'),(1178,1,10,14,19,156,7,'Ordinario','2024-02-28 23:33:39','2024-02-28 23:33:39'),(1179,1,10,14,19,155,8,'Ordinario','2024-02-28 23:33:39','2024-02-28 23:33:39'),(1180,1,10,14,19,157,8,'Ordinario','2024-02-28 23:33:39','2024-02-28 23:33:39'),(1181,1,10,14,19,159,9,'Ordinario','2024-02-28 23:33:39','2024-02-28 23:33:39'),(1182,1,10,14,19,158,7,'Ordinario','2024-02-28 23:33:39','2024-02-28 23:33:39'),(1183,1,10,14,19,172,8,'Ordinario','2024-02-28 23:33:39','2024-02-28 23:33:39'),(1184,1,10,14,19,164,8,'Ordinario','2024-02-28 23:33:39','2024-02-28 23:33:39'),(1185,1,10,14,19,166,9,'Ordinario','2024-02-28 23:33:39','2024-02-28 23:33:39'),(1186,1,10,14,19,147,8,'Ordinario','2024-02-28 23:33:39','2024-02-28 23:33:39'),(1187,1,10,14,19,141,7,'Ordinario','2024-02-28 23:33:39','2024-02-28 23:33:39'),(1188,1,10,14,19,119,8,'Ordinario','2024-02-28 23:33:39','2024-02-28 23:33:39'),(1189,1,10,14,19,123,8,'Ordinario','2024-02-28 23:33:39','2024-02-28 23:33:39'),(1190,1,10,14,19,121,8,'Ordinario','2024-02-28 23:33:39','2024-02-28 23:33:39'),(1191,1,10,14,19,124,8,'Ordinario','2024-02-28 23:33:39','2024-02-28 23:33:39'),(1192,1,10,14,19,127,8,'Ordinario','2024-02-28 23:33:39','2024-02-28 23:33:39'),(1193,1,10,14,19,128,8,'Ordinario','2024-02-28 23:33:39','2024-02-28 23:33:39'),(1194,1,10,14,19,126,8,'Ordinario','2024-02-28 23:33:39','2024-02-28 23:33:39'),(1195,1,10,14,19,129,7,'Ordinario','2024-02-28 23:33:39','2024-02-28 23:33:39'),(1196,1,10,14,19,143,8,'Ordinario','2024-02-28 23:33:39','2024-02-28 23:33:39'),(1197,1,10,14,19,134,8,'Ordinario','2024-02-28 23:33:39','2024-02-28 23:33:39'),(1198,1,10,14,19,136,7,'Ordinario','2024-02-28 23:33:39','2024-02-28 23:33:39'),(1199,1,10,14,19,137,7,'Ordinario','2024-02-28 23:33:39','2024-02-28 23:33:39'),(1200,1,10,14,19,150,9,'Ordinario','2024-02-28 23:33:39','2024-02-28 23:33:39'),(1201,1,10,14,19,145,10,'Ordinario','2024-02-28 23:33:40','2024-02-28 23:33:40'),(1202,1,10,14,19,96,9,'Ordinario','2024-02-28 23:33:40','2024-02-28 23:33:40'),(1203,1,10,14,19,120,8,'Ordinario','2024-02-28 23:33:40','2024-02-28 23:33:40'),(1204,1,11,15,20,115,7,'Recursamiento','2024-02-28 23:33:40','2024-02-28 23:33:40'),(1205,1,11,15,20,110,8,'Recursamiento','2024-02-28 23:33:40','2024-02-28 23:33:40'),(1206,1,11,15,20,65,7,'Recursamiento','2024-02-28 23:33:40','2024-02-28 23:33:40'),(1207,1,12,2,9,172,9,'Recursamiento','2024-02-28 23:33:40','2024-02-28 23:33:40'),(1208,1,12,2,9,148,7,'Recursamiento','2024-02-28 23:33:40','2024-02-28 23:33:40'),(1209,1,12,2,9,150,8,'Recursamiento','2024-02-28 23:33:40','2024-02-28 23:33:40'),(1210,1,12,2,9,169,8,'Recursamiento','2024-02-28 23:33:40','2024-02-28 23:33:40'),(1211,1,12,2,9,153,9,'Recursamiento','2024-02-28 23:33:40','2024-02-28 23:33:40'),(1212,1,12,2,9,174,9,'Recursamiento','2024-02-28 23:33:40','2024-02-28 23:33:40'),(1213,1,12,2,9,161,9,'Recursamiento','2024-02-28 23:33:40','2024-02-28 23:33:40'),(1214,1,12,2,9,132,10,'Recursamiento','2024-02-28 23:33:40','2024-02-28 23:33:40'),(1215,1,12,2,9,164,7,'Recursamiento','2024-02-28 23:33:40','2024-02-28 23:33:40'),(1216,1,12,2,9,165,7,'Recursamiento','2024-02-28 23:33:40','2024-02-28 23:33:40'),(1217,1,12,2,9,171,8,'Recursamiento','2024-02-28 23:33:40','2024-02-28 23:33:40'),(1218,1,12,2,9,175,8,'Recursamiento','2024-02-28 23:33:40','2024-02-28 23:33:40'),(1219,1,13,16,8,118,8,'Recursamiento','2024-02-28 23:33:40','2024-02-28 23:33:40'),(1220,1,13,16,8,141,7,'Recursamiento','2024-02-28 23:33:40','2024-02-28 23:33:40'),(1221,1,13,16,8,155,8,'Recursamiento','2024-02-28 23:33:40','2024-02-28 23:33:40'),(1222,1,13,16,8,127,8,'Recursamiento','2024-02-28 23:33:40','2024-02-28 23:33:40'),(1223,1,13,16,8,129,8,'Recursamiento','2024-02-28 23:33:40','2024-02-28 23:33:40'),(1224,1,13,16,8,158,7,'Recursamiento','2024-02-28 23:33:40','2024-02-28 23:33:40'),(1225,1,13,16,8,143,6,'Recursamiento','2024-02-28 23:33:40','2024-02-28 23:33:40'),(1226,1,13,16,8,130,7,'Recursamiento','2024-02-28 23:33:40','2024-02-28 23:33:40'),(1227,1,13,16,8,131,8,'Recursamiento','2024-02-28 23:33:40','2024-02-28 23:33:40'),(1228,1,13,16,8,144,7,'Recursamiento','2024-02-28 23:33:40','2024-02-28 23:33:40'),(1229,1,13,16,8,96,7,'Recursamiento','2024-02-28 23:33:40','2024-02-28 23:33:40'),(1230,1,13,16,8,162,8,'Recursamiento','2024-02-28 23:33:40','2024-02-28 23:33:40'),(1231,1,13,16,8,134,8,'Recursamiento','2024-02-28 23:33:40','2024-02-28 23:33:40'),(1232,1,13,16,8,165,8,'Recursamiento','2024-02-28 23:33:40','2024-02-28 23:33:40'),(1233,1,13,16,8,167,8,'Recursamiento','2024-02-28 23:33:40','2024-02-28 23:33:40'),(1234,1,13,16,8,128,8,'Recursamiento','2024-02-28 23:33:40','2024-02-28 23:33:40'),(1235,1,13,16,8,172,7,'Recursamiento','2024-02-28 23:33:40','2024-02-28 23:33:40'),(1236,1,13,16,8,145,6,'Recursamiento','2024-02-28 23:33:40','2024-02-28 23:33:40'),(1237,1,13,16,8,146,7,'Recursamiento','2024-02-28 23:33:40','2024-02-28 23:33:40'),(1238,1,13,16,8,173,0,'Recursamiento','2024-02-28 23:33:40','2024-02-28 23:33:40'),(1239,1,13,16,8,157,7,'Recursamiento','2024-02-28 23:33:40','2024-02-28 23:33:40'),(1240,1,14,17,20,34,7,'Recursamiento','2024-02-28 23:33:40','2024-02-28 23:33:40'),(1241,1,14,17,20,35,8,'Recursamiento','2024-02-28 23:33:40','2024-02-28 23:33:40'),(1242,1,14,17,20,98,7,'Recursamiento','2024-02-28 23:33:40','2024-02-28 23:33:40'),(1243,1,14,17,20,72,8,'Recursamiento','2024-02-28 23:33:40','2024-02-28 23:33:40'),(1244,1,14,17,20,114,7,'Recursamiento','2024-02-28 23:33:40','2024-02-28 23:33:40'),(1245,1,14,17,20,43,8,'Recursamiento','2024-02-28 23:33:40','2024-02-28 23:33:40'),(1246,1,14,17,20,115,7,'Recursamiento','2024-02-28 23:33:40','2024-02-28 23:33:40'),(1247,1,14,17,20,101,8,'Recursamiento','2024-02-28 23:33:40','2024-02-28 23:33:40'),(1248,1,14,17,20,47,7,'Recursamiento','2024-02-28 23:33:40','2024-02-28 23:33:40'),(1249,1,14,17,20,48,7,'Recursamiento','2024-02-28 23:33:40','2024-02-28 23:33:40'),(1250,1,14,17,20,116,5,'Recursamiento','2024-02-28 23:33:40','2024-02-28 23:33:40'),(1251,1,14,17,20,51,7,'Recursamiento','2024-02-28 23:33:40','2024-02-28 23:33:40'),(1252,1,14,17,20,104,7,'Recursamiento','2024-02-28 23:33:40','2024-02-28 23:33:40'),(1253,1,14,17,20,106,8,'Recursamiento','2024-02-28 23:33:40','2024-02-28 23:33:40'),(1254,1,14,17,20,55,7,'Recursamiento','2024-02-28 23:33:40','2024-02-28 23:33:40'),(1255,1,14,17,20,107,8,'Recursamiento','2024-02-28 23:33:40','2024-02-28 23:33:40'),(1256,1,14,17,20,85,8,'Recursamiento','2024-02-28 23:33:40','2024-02-28 23:33:40'),(1257,1,14,17,20,108,7,'Recursamiento','2024-02-28 23:33:40','2024-02-28 23:33:40'),(1258,1,14,17,20,110,8,'Recursamiento','2024-02-28 23:33:40','2024-02-28 23:33:40'),(1259,1,14,17,20,65,7,'Recursamiento','2024-02-28 23:33:40','2024-02-28 23:33:40'),(1260,1,14,17,20,111,8,'Recursamiento','2024-02-28 23:33:40','2024-02-28 23:33:40'),(1261,1,14,17,20,112,7,'Recursamiento','2024-02-28 23:33:40','2024-02-28 23:33:40'),(1262,1,14,17,20,61,8,'Recursamiento','2024-02-28 23:33:40','2024-02-28 23:33:40'),(1263,1,14,17,20,113,7,'Recursamiento','2024-02-28 23:33:40','2024-02-28 23:33:40'),(1264,1,14,17,20,89,8,'Recursamiento','2024-02-28 23:33:40','2024-02-28 23:33:40'),(1265,1,15,18,21,97,8,'Recursamiento','2024-02-28 23:33:40','2024-02-28 23:33:40'),(1266,1,15,18,21,98,8,'Recursamiento','2024-02-28 23:33:40','2024-02-28 23:33:40'),(1267,1,15,18,21,114,9,'Recursamiento','2024-02-28 23:33:40','2024-02-28 23:33:40'),(1268,1,15,18,21,116,8,'Recursamiento','2024-02-28 23:33:40','2024-02-28 23:33:40'),(1269,1,15,18,21,104,8,'Recursamiento','2024-02-28 23:33:40','2024-02-28 23:33:40'),(1270,1,15,18,21,117,8,'Recursamiento','2024-02-28 23:33:40','2024-02-28 23:33:40');
/*!40000 ALTER TABLE `calificacion_procesadas` ENABLE KEYS */;
UNLOCK TABLES;

--
-- Table structure for table `cohortes`
--

DROP TABLE IF EXISTS `cohortes`;
/*!40101 SET @saved_cs_client     = @@character_set_client */;
/*!40101 SET character_set_client = utf8 */;
CREATE TABLE `cohortes` (
  `id` bigint(20) unsigned NOT NULL AUTO_INCREMENT,
  `periodo` varchar(255) NOT NULL,
  `anio` year(4) NOT NULL,
  `plan` varchar(255) NOT NULL,
  `archivo` varchar(255) DEFAULT NULL,
  `procesado` tinyint(1) NOT NULL DEFAULT 0,
  `idCreador` bigint(20) unsigned NOT NULL,
  `created_at` timestamp NULL DEFAULT NULL,
  `updated_at` timestamp NULL DEFAULT NULL,
  PRIMARY KEY (`id`),
  KEY `cohortes_idcreador_foreign` (`idCreador`),
  CONSTRAINT `cohortes_idcreador_foreign` FOREIGN KEY (`idCreador`) REFERENCES `usuarios` (`id`) ON DELETE CASCADE
) ENGINE=InnoDB AUTO_INCREMENT=2 DEFAULT CHARSET=utf8mb4 COLLATE=utf8mb4_unicode_ci;
/*!40101 SET character_set_client = @saved_cs_client */;

--
-- Dumping data for table `cohortes`
--

LOCK TABLES `cohortes` WRITE;
/*!40000 ALTER TABLE `cohortes` DISABLE KEYS */;
INSERT INTO `cohortes` VALUES (1,'I',2024,'ITI H2024','65df6e63bac06.xlsx',1,1,'2024-02-28 23:25:12','2024-02-28 23:33:40');
/*!40000 ALTER TABLE `cohortes` ENABLE KEYS */;
UNLOCK TABLES;

--
-- Table structure for table `database_logs`
--

DROP TABLE IF EXISTS `database_logs`;
/*!40101 SET @saved_cs_client     = @@character_set_client */;
/*!40101 SET character_set_client = utf8 */;
CREATE TABLE `database_logs` (
  `id` bigint(20) unsigned NOT NULL AUTO_INCREMENT,
  `idUsuario` bigint(20) unsigned NOT NULL,
  `operation` varchar(255) NOT NULL,
  `date` date NOT NULL,
  `created_at` timestamp NULL DEFAULT NULL,
  `updated_at` timestamp NULL DEFAULT NULL,
  PRIMARY KEY (`id`),
  KEY `database_logs_idusuario_foreign` (`idUsuario`),
  CONSTRAINT `database_logs_idusuario_foreign` FOREIGN KEY (`idUsuario`) REFERENCES `usuarios` (`id`) ON DELETE CASCADE
) ENGINE=InnoDB AUTO_INCREMENT=4 DEFAULT CHARSET=utf8mb4 COLLATE=utf8mb4_unicode_ci;
/*!40101 SET character_set_client = @saved_cs_client */;

--
-- Dumping data for table `database_logs`
--

LOCK TABLES `database_logs` WRITE;
/*!40000 ALTER TABLE `database_logs` DISABLE KEYS */;
INSERT INTO `database_logs` VALUES (1,1,'Restauración','2024-02-28','2024-02-28 23:26:14','2024-02-28 23:26:14'),(2,1,'Respaldo','2024-02-28','2024-02-29 02:26:57','2024-02-29 02:26:57'),(3,1,'Restauración','2024-02-28','2024-02-29 02:34:12','2024-02-29 02:34:12');
/*!40000 ALTER TABLE `database_logs` ENABLE KEYS */;
UNLOCK TABLES;

--
-- Table structure for table `failed_jobs`
--

DROP TABLE IF EXISTS `failed_jobs`;
/*!40101 SET @saved_cs_client     = @@character_set_client */;
/*!40101 SET character_set_client = utf8 */;
CREATE TABLE `failed_jobs` (
  `id` bigint(20) unsigned NOT NULL AUTO_INCREMENT,
  `uuid` varchar(255) NOT NULL,
  `connection` text NOT NULL,
  `queue` text NOT NULL,
  `payload` longtext NOT NULL,
  `exception` longtext NOT NULL,
  `failed_at` timestamp NOT NULL DEFAULT current_timestamp(),
  PRIMARY KEY (`id`),
  UNIQUE KEY `failed_jobs_uuid_unique` (`uuid`)
) ENGINE=InnoDB DEFAULT CHARSET=utf8mb4 COLLATE=utf8mb4_unicode_ci;
/*!40101 SET character_set_client = @saved_cs_client */;

--
-- Dumping data for table `failed_jobs`
--

LOCK TABLES `failed_jobs` WRITE;
/*!40000 ALTER TABLE `failed_jobs` DISABLE KEYS */;
/*!40000 ALTER TABLE `failed_jobs` ENABLE KEYS */;
UNLOCK TABLES;

--
-- Table structure for table `grupos`
--

DROP TABLE IF EXISTS `grupos`;
/*!40101 SET @saved_cs_client     = @@character_set_client */;
/*!40101 SET character_set_client = utf8 */;
CREATE TABLE `grupos` (
  `id` bigint(20) unsigned NOT NULL AUTO_INCREMENT,
  `clave` varchar(255) NOT NULL,
  `nombre` varchar(255) NOT NULL,
  `letra` varchar(1) NOT NULL,
  `grado` int(11) DEFAULT NULL,
  `idCohorte` bigint(20) unsigned DEFAULT NULL,
  `created_at` timestamp NULL DEFAULT NULL,
  `updated_at` timestamp NULL DEFAULT NULL,
  PRIMARY KEY (`id`),
  KEY `grupos_idcohorte_foreign` (`idCohorte`),
  CONSTRAINT `grupos_idcohorte_foreign` FOREIGN KEY (`idCohorte`) REFERENCES `cohortes` (`id`) ON DELETE CASCADE
) ENGINE=InnoDB AUTO_INCREMENT=16 DEFAULT CHARSET=utf8mb4 COLLATE=utf8mb4_unicode_ci;
/*!40101 SET character_set_client = @saved_cs_client */;

--
-- Dumping data for table `grupos`
--

LOCK TABLES `grupos` WRITE;
/*!40000 ALTER TABLE `grupos` DISABLE KEYS */;
INSERT INTO `grupos` VALUES (1,'ITI A -P2020','10A-ITI','A',10,1,'2024-02-28 23:33:33','2024-02-28 23:33:33'),(2,'ITI A -P2020','3A-ITI','A',3,1,'2024-02-28 23:33:33','2024-02-28 23:33:33'),(3,'ITI B -P2020','3B-ITI','B',3,1,'2024-02-28 23:33:34','2024-02-28 23:33:34'),(4,'ITI C -P2020','3C-ITI','C',3,1,'2024-02-28 23:33:35','2024-02-28 23:33:35'),(5,'ITI D -P2020','3D-ITI','D',3,1,'2024-02-28 23:33:35','2024-02-28 23:33:35'),(6,'ITI A -P2020','6A-ITI','A',6,1,'2024-02-28 23:33:36','2024-02-28 23:33:36'),(7,'ITI B -P2020','6B-ITI','B',6,1,'2024-02-28 23:33:37','2024-02-28 23:33:37'),(8,'INGIII-A-P2020','Grupo General 3°','A',3,1,'2024-02-28 23:33:38','2024-02-28 23:33:38'),(9,'INGIII-A-P2020','Grupo General 11°','A',11,1,'2024-02-28 23:33:38','2024-02-28 23:33:38'),(10,'INGVI-A-P2020','Grupo General 6°','A',6,1,'2024-02-28 23:33:39','2024-02-28 23:33:39'),(11,'ITI R -P2020','P20 REC-QUÍMICA BÁSICA ITI-H18 - IET-H18','R',NULL,1,'2024-02-28 23:33:39','2024-02-28 23:33:39'),(12,'ITI R -P2020','P20 REC-PROGRAMACIÓN ITI-H18 - IIF-H','R',NULL,1,'2024-02-28 23:33:39','2024-02-28 23:33:39'),(13,'ITI R -P2020','P20 REC-CÁLCULO INTEGRAL','R',NULL,1,'2024-02-28 23:33:39','2024-02-28 23:33:39'),(14,'ITI R -P2020','P20 REC-MATEMÁTICAS BÁSICAS PARA COMPUTACIÓN','R',NULL,1,'2024-02-28 23:33:39','2024-02-28 23:33:39'),(15,'ITI R -P2020','P20 REC-INTRODUCCIÓN A LAS TECNOLOGÍAS DE INFORMACIÓN(ESPECIAL)','R',NULL,1,'2024-02-28 23:33:39','2024-02-28 23:33:39');
/*!40000 ALTER TABLE `grupos` ENABLE KEYS */;
UNLOCK TABLES;

--
-- Table structure for table `materias`
--

DROP TABLE IF EXISTS `materias`;
/*!40101 SET @saved_cs_client     = @@character_set_client */;
/*!40101 SET character_set_client = utf8 */;
CREATE TABLE `materias` (
  `id` bigint(20) unsigned NOT NULL AUTO_INCREMENT,
  `nombre` varchar(255) DEFAULT NULL,
  `clave` varchar(255) DEFAULT NULL,
  `plan` varchar(255) DEFAULT NULL,
  `created_at` timestamp NULL DEFAULT NULL,
  `updated_at` timestamp NULL DEFAULT NULL,
  PRIMARY KEY (`id`)
) ENGINE=InnoDB AUTO_INCREMENT=19 DEFAULT CHARSET=utf8mb4 COLLATE=utf8mb4_unicode_ci;
/*!40101 SET character_set_client = @saved_cs_client */;

--
-- Dumping data for table `materias`
--

LOCK TABLES `materias` WRITE;
/*!40000 ALTER TABLE `materias` DISABLE KEYS */;
INSERT INTO `materias` VALUES (1,'INTELIGENCIA EMOCIONAL Y MANEJO DE CONFLICTOS',NULL,'ITI-H18','2024-02-28 23:33:33','2024-02-28 23:33:33'),(2,'PROGRAMACIÓN',NULL,'ITI-H18','2024-02-28 23:33:33','2024-02-28 23:33:33'),(3,'MANTENIMIENTO A EQUIPO DE COMPUTO',NULL,'ITI-H18','2024-02-28 23:33:33','2024-02-28 23:33:33'),(4,'INTRODUCCIÓN A LAS REDES',NULL,'ITI-H18','2024-02-28 23:33:33','2024-02-28 23:33:33'),(5,'PROBABILIDAD Y ESTADÍSTICA',NULL,'ITI-H18','2024-02-28 23:33:33','2024-02-28 23:33:33'),(6,'CÁLCULO DIFERENCIAL',NULL,'ITI-H18','2024-02-28 23:33:34','2024-02-28 23:33:34'),(7,'HABILIDADES GERENCIALES',NULL,'ITI-H18','2024-02-28 23:33:36','2024-02-28 23:33:36'),(8,'PROGRAMACIÓN ORIENTADA A OBJETOS',NULL,'ITI-H18','2024-02-28 23:33:36','2024-02-28 23:33:36'),(9,'SISTEMAS OPERATIVOS',NULL,'ITI-H18','2024-02-28 23:33:36','2024-02-28 23:33:36'),(10,'MATEMÁTICAS PARA INGENIERÍA II',NULL,'ITI-H18','2024-02-28 23:33:37','2024-02-28 23:33:37'),(11,'ADMINISTRACIÓN DE BASE DE DATOS',NULL,'ITI-H18','2024-02-28 23:33:37','2024-02-28 23:33:37'),(12,'INTERCONEXIÓN DE REDES',NULL,'ITI-H18','2024-02-28 23:33:37','2024-02-28 23:33:37'),(13,'INGLÉS III','INGIII-TR','ITI-H18','2024-02-28 23:33:38','2024-02-28 23:33:38'),(14,'INGLÉS VI','INGVI-TR','ITI-H18','2024-02-28 23:33:39','2024-02-28 23:33:39'),(15,'QUÍMICA BÁSICA',NULL,'ITI-H18','2024-02-28 23:33:39','2024-02-28 23:33:39'),(16,'CÁLCULO INTEGRAL',NULL,'ITI-H18','2024-02-28 23:33:39','2024-02-28 23:33:39'),(17,'MATEMÁTICAS BÁSICAS PARA COMPUTACIÓN',NULL,'ITI-H18','2024-02-28 23:33:39','2024-02-28 23:33:39'),(18,'INTRODUCCIÓN A LAS TECNOLOGÍAS DE INFORMACIÓN',NULL,'ITI-H18','2024-02-28 23:33:39','2024-02-28 23:33:39');
/*!40000 ALTER TABLE `materias` ENABLE KEYS */;
UNLOCK TABLES;

--
-- Table structure for table `migrations`
--

DROP TABLE IF EXISTS `migrations`;
/*!40101 SET @saved_cs_client     = @@character_set_client */;
/*!40101 SET character_set_client = utf8 */;
CREATE TABLE `migrations` (
  `id` int(10) unsigned NOT NULL AUTO_INCREMENT,
  `migration` varchar(255) NOT NULL,
  `batch` int(11) NOT NULL,
  PRIMARY KEY (`id`)
) ENGINE=InnoDB AUTO_INCREMENT=33 DEFAULT CHARSET=utf8mb4 COLLATE=utf8mb4_unicode_ci;
/*!40101 SET character_set_client = @saved_cs_client */;

--
-- Dumping data for table `migrations`
--

LOCK TABLES `migrations` WRITE;
/*!40000 ALTER TABLE `migrations` DISABLE KEYS */;
INSERT INTO `migrations` VALUES (17,'2019_08_19_000000_create_failed_jobs_table',1),(18,'2019_12_14_000001_create_personal_access_tokens_table',1),(19,'2023_12_12_210923_create_usuarios_table',1),(20,'2023_12_12_211544_create_cohortes_table',1),(21,'2023_12_12_211734_create_grupos_table',1),(22,'2023_12_12_211908_create_admisions_table',1),(23,'2023_12_12_211919_create_admision_procesadas_table',1),(24,'2023_12_12_211934_create_alumnos_table',1),(25,'2023_12_12_211935_create_materias_table',1),(26,'2023_12_12_211936_create_profesors_table',1),(27,'2023_12_12_211937_create_calificacion_procesadas_table',1),(28,'2024_02_04_010437_create_razons_table',1),(29,'2024_02_04_193630_create_bajas_table',1),(30,'2024_02_04_194020_create_baja_procesadas_table',1),(31,'2024_02_24_010211_create_razon_bajas_table',1),(32,'2024_02_28_164256_create_database_logs_table',1);
/*!40000 ALTER TABLE `migrations` ENABLE KEYS */;
UNLOCK TABLES;

--
-- Table structure for table `personal_access_tokens`
--

DROP TABLE IF EXISTS `personal_access_tokens`;
/*!40101 SET @saved_cs_client     = @@character_set_client */;
/*!40101 SET character_set_client = utf8 */;
CREATE TABLE `personal_access_tokens` (
  `id` bigint(20) unsigned NOT NULL AUTO_INCREMENT,
  `tokenable_type` varchar(255) NOT NULL,
  `tokenable_id` bigint(20) unsigned NOT NULL,
  `name` varchar(255) NOT NULL,
  `token` varchar(64) NOT NULL,
  `abilities` text DEFAULT NULL,
  `last_used_at` timestamp NULL DEFAULT NULL,
  `expires_at` timestamp NULL DEFAULT NULL,
  `created_at` timestamp NULL DEFAULT NULL,
  `updated_at` timestamp NULL DEFAULT NULL,
  PRIMARY KEY (`id`),
  UNIQUE KEY `personal_access_tokens_token_unique` (`token`),
  KEY `personal_access_tokens_tokenable_type_tokenable_id_index` (`tokenable_type`,`tokenable_id`)
) ENGINE=InnoDB DEFAULT CHARSET=utf8mb4 COLLATE=utf8mb4_unicode_ci;
/*!40101 SET character_set_client = @saved_cs_client */;

--
-- Dumping data for table `personal_access_tokens`
--

LOCK TABLES `personal_access_tokens` WRITE;
/*!40000 ALTER TABLE `personal_access_tokens` DISABLE KEYS */;
/*!40000 ALTER TABLE `personal_access_tokens` ENABLE KEYS */;
UNLOCK TABLES;

--
-- Table structure for table `profesors`
--

DROP TABLE IF EXISTS `profesors`;
/*!40101 SET @saved_cs_client     = @@character_set_client */;
/*!40101 SET character_set_client = utf8 */;
CREATE TABLE `profesors` (
  `id` bigint(20) unsigned NOT NULL AUTO_INCREMENT,
  `apP` varchar(255) DEFAULT NULL,
  `apM` varchar(255) DEFAULT NULL,
  `nombre` varchar(255) DEFAULT NULL,
  `created_at` timestamp NULL DEFAULT NULL,
  `updated_at` timestamp NULL DEFAULT NULL,
  PRIMARY KEY (`id`)
) ENGINE=InnoDB AUTO_INCREMENT=22 DEFAULT CHARSET=utf8mb4 COLLATE=utf8mb4_unicode_ci;
/*!40101 SET character_set_client = @saved_cs_client */;

--
-- Dumping data for table `profesors`
--

LOCK TABLES `profesors` WRITE;
/*!40000 ALTER TABLE `profesors` DISABLE KEYS */;
INSERT INTO `profesors` VALUES (1,'SOSA','GONZALEZ','MIRIELA','2024-02-28 23:33:33','2024-02-28 23:33:33'),(2,'NIETO','YÁÑEZ','ALMA DELIA','2024-02-28 23:33:33','2024-02-28 23:33:33'),(3,'JIMENEZ','VALLE','OSCAR','2024-02-28 23:33:33','2024-02-28 23:33:33'),(4,'CHAVARRÍA','CARRANZA','JOSÉ RENÉ','2024-02-28 23:33:33','2024-02-28 23:33:33'),(5,'HERNANDEZ','CABANAS','HANS','2024-02-28 23:33:33','2024-02-28 23:33:33'),(6,'ELOISA','HUERTA','LUZ MARIA','2024-02-28 23:33:34','2024-02-28 23:33:34'),(7,'SOLANO','GARCIA','ENRIQUE','2024-02-28 23:33:34','2024-02-28 23:33:34'),(8,'VÁZQUEZ','SÁNCHEZ','LUIS','2024-02-28 23:33:34','2024-02-28 23:33:34'),(9,'ELOISA','HUERTA','ROSARIO','2024-02-28 23:33:34','2024-02-28 23:33:34'),(10,'LÓPEZ','DÍAZ','ROBERTO ENRIQUE','2024-02-28 23:33:35','2024-02-28 23:33:35'),(11,'TORRES','GUZMÁN','JOSÉ CONCEPCIÓN','2024-02-28 23:33:35','2024-02-28 23:33:35'),(12,'ZAGAL','SOLANO','JOSÉ ENRIQUE','2024-02-28 23:33:35','2024-02-28 23:33:35'),(13,'GONZÁLEZ','ROJAS','IVÁN URIEL','2024-02-28 23:33:36','2024-02-28 23:33:36'),(14,'GÓMEZ','VERONA','SERGIO ALFREDO','2024-02-28 23:33:36','2024-02-28 23:33:36'),(15,'HERNÁNDEZ','RABADAN','DENY LIZBETH','2024-02-28 23:33:36','2024-02-28 23:33:36'),(16,'ROJAS','SANDOVAL','DANIEL','2024-02-28 23:33:37','2024-02-28 23:33:37'),(17,'LEÓN','SOSA','SANDRA ELIZABETH','2024-02-28 23:33:37','2024-02-28 23:33:37'),(18,'MENESES','OLMOS','CARLOS EDUARDO','2024-02-28 23:33:38','2024-02-28 23:33:38'),(19,NULL,NULL,NULL,'2024-02-28 23:33:38','2024-02-28 23:33:38'),(20,'LAVIN','DELGADO','JORGE ENRIQUE','2024-02-28 23:33:39','2024-02-28 23:33:39'),(21,'VARGAS','ZACARIAS','EDUARDO','2024-02-28 23:33:39','2024-02-28 23:33:39');
/*!40000 ALTER TABLE `profesors` ENABLE KEYS */;
UNLOCK TABLES;

--
-- Table structure for table `razon_bajas`
--

DROP TABLE IF EXISTS `razon_bajas`;
/*!40101 SET @saved_cs_client     = @@character_set_client */;
/*!40101 SET character_set_client = utf8 */;
CREATE TABLE `razon_bajas` (
  `id` bigint(20) unsigned NOT NULL AUTO_INCREMENT,
  `idBajaProcesada` bigint(20) unsigned NOT NULL,
  `idRazon` bigint(20) unsigned NOT NULL,
  `created_at` timestamp NULL DEFAULT NULL,
  `updated_at` timestamp NULL DEFAULT NULL,
  PRIMARY KEY (`id`),
  KEY `razon_bajas_idbajaprocesada_foreign` (`idBajaProcesada`),
  KEY `razon_bajas_idrazon_foreign` (`idRazon`),
  CONSTRAINT `razon_bajas_idbajaprocesada_foreign` FOREIGN KEY (`idBajaProcesada`) REFERENCES `baja_procesadas` (`id`) ON DELETE CASCADE,
  CONSTRAINT `razon_bajas_idrazon_foreign` FOREIGN KEY (`idRazon`) REFERENCES `razons` (`id`) ON DELETE CASCADE
) ENGINE=InnoDB DEFAULT CHARSET=utf8mb4 COLLATE=utf8mb4_unicode_ci;
/*!40101 SET character_set_client = @saved_cs_client */;

--
-- Dumping data for table `razon_bajas`
--

LOCK TABLES `razon_bajas` WRITE;
/*!40000 ALTER TABLE `razon_bajas` DISABLE KEYS */;
/*!40000 ALTER TABLE `razon_bajas` ENABLE KEYS */;
UNLOCK TABLES;

--
-- Table structure for table `razons`
--

DROP TABLE IF EXISTS `razons`;
/*!40101 SET @saved_cs_client     = @@character_set_client */;
/*!40101 SET character_set_client = utf8 */;
CREATE TABLE `razons` (
  `id` bigint(20) unsigned NOT NULL AUTO_INCREMENT,
  `nombre` varchar(255) NOT NULL,
  `created_at` timestamp NULL DEFAULT NULL,
  `updated_at` timestamp NULL DEFAULT NULL,
  PRIMARY KEY (`id`)
) ENGINE=InnoDB DEFAULT CHARSET=utf8mb4 COLLATE=utf8mb4_unicode_ci;
/*!40101 SET character_set_client = @saved_cs_client */;

--
-- Dumping data for table `razons`
--

LOCK TABLES `razons` WRITE;
/*!40000 ALTER TABLE `razons` DISABLE KEYS */;
/*!40000 ALTER TABLE `razons` ENABLE KEYS */;
UNLOCK TABLES;

--
-- Table structure for table `usuarios`
--

DROP TABLE IF EXISTS `usuarios`;
/*!40101 SET @saved_cs_client     = @@character_set_client */;
/*!40101 SET character_set_client = utf8 */;
CREATE TABLE `usuarios` (
  `id` bigint(20) unsigned NOT NULL AUTO_INCREMENT,
  `noEmp` int(11) NOT NULL,
  `nombre` varchar(255) NOT NULL,
  `apP` varchar(255) NOT NULL,
  `apM` varchar(255) NOT NULL,
  `tipoUsuario` int(11) NOT NULL,
  `email` varchar(255) NOT NULL,
  `password` varchar(255) NOT NULL,
  `foto` varchar(255) NOT NULL,
  `recuperacion` varchar(255) DEFAULT NULL,
  `token` varchar(255) DEFAULT NULL,
  `created_at` timestamp NULL DEFAULT NULL,
  `updated_at` timestamp NULL DEFAULT NULL,
  PRIMARY KEY (`id`),
  UNIQUE KEY `usuarios_noemp_unique` (`noEmp`),
  UNIQUE KEY `usuarios_email_unique` (`email`),
  UNIQUE KEY `usuarios_recuperacion_unique` (`recuperacion`),
  UNIQUE KEY `usuarios_token_unique` (`token`)
) ENGINE=InnoDB AUTO_INCREMENT=2 DEFAULT CHARSET=utf8mb4 COLLATE=utf8mb4_unicode_ci;
/*!40101 SET character_set_client = @saved_cs_client */;

--
-- Dumping data for table `usuarios`
--

LOCK TABLES `usuarios` WRITE;
/*!40000 ALTER TABLE `usuarios` DISABLE KEYS */;
INSERT INTO `usuarios` VALUES (1,123,'Marco Antonio','Chavez','Rodriguez',3,'antoniochavezmarco@gmail.com','$2y$12$F7qcr7.foJW/8HosdY3i9.uGJn6ZronD2A50J5/udwyOfel4XMRGi','657a3e3b4058d.png',NULL,'FCcsHxh0VzmSnkjLnQJj6nqc6Iv4DMBiB3lKzFfx7XWMsuhFfTWTmZixhpry','2024-02-28 23:25:11','2024-02-29 02:22:45');
/*!40000 ALTER TABLE `usuarios` ENABLE KEYS */;
UNLOCK TABLES;
/*!40103 SET TIME_ZONE=@OLD_TIME_ZONE */;

/*!40101 SET SQL_MODE=@OLD_SQL_MODE */;
/*!40014 SET FOREIGN_KEY_CHECKS=@OLD_FOREIGN_KEY_CHECKS */;
/*!40014 SET UNIQUE_CHECKS=@OLD_UNIQUE_CHECKS */;
/*!40101 SET CHARACTER_SET_CLIENT=@OLD_CHARACTER_SET_CLIENT */;
/*!40101 SET CHARACTER_SET_RESULTS=@OLD_CHARACTER_SET_RESULTS */;
/*!40101 SET COLLATION_CONNECTION=@OLD_COLLATION_CONNECTION */;
/*!40111 SET SQL_NOTES=@OLD_SQL_NOTES */;

-- Dump completed on 2024-02-28 14:35:03
